,country,year,fao_yield_pigs_hgperhd,fao_production_pigs_tonnes,fao_slaughtered_pigs_hd,fao_stocks_pigs_hd,fao_producerprice_pigs_carcass_lcupertonne,fao_producerprice_pigs_live_lcupertonne,fao_producerprice_pigs_carcass_slcpertonne,fao_producerprice_pigs_live_slcpertonne,fao_producerprice_pigs_carcass_usdpertonne,fao_producerprice_pigs_live_usdpertonne,fao_producerprice_pigs_carcass_index,fao_producerprice_pigs_live_index,euro_geo,euro_breedingsows_gte50kg_dec_thsdhd,euro_breedingsows_gte50kg_jun_thsdhd,euro_pigs_20to50kg_dec_thsdhd,euro_pigs_20to50kg_jun_thsdhd,euro_pigs_50to80kg_dec_thsdhd,euro_pigs_50to80kg_jun_thsdhd,euro_pigs_80to110kg_dec_thsdhd,euro_pigs_80to110kg_jun_thsdhd,euro_pigs_gte110kg_dec_thsdhd,euro_pigs_gte110kg_jun_thsdhd,euro_pigs_lt20kg_dec_thsdhd,euro_pigs_lt20kg_jun_thsdhd,euro_sl_pigmeat_thsdhd,euro_sl_pigmeat_thsdtonne,euro_piglets_live_priceper100kg_euros,euro_pigs_grade1_carcass_priceper100kg_euros,euro_pigs_grade2_carcass_priceper100kg_euros,euro_pigs_light_live_priceper100kg_euros,euro_electricity_priceper100kwh_euros,euro_electricity_priceper100kwh_localcrncy,euro_heatingoil_priceper100litres_euros,euro_heatingoil_priceper100litres_localcrncy,euro_residualfueloil_priceper100kg_euros,euro_residualfueloil_priceper100kg_localcrncy,euro_motorspirit_priceper100litres_euros,euro_motorspirit_priceper100litres_localcrncy,euro_dieseloil_priceper100litres_euros,euro_dieseloil_priceper100litres_localcrncy,euro_feed_sacks_rearingpigs_priceper100kg_euros,euro_feed_sacks_rearingpigs_priceper100kg_localcrncy,euro_feed_bulk_rearingpigs_priceper100kg_euros,euro_feed_bulk_rearingpigs_priceper100kg_localcrncy,euro_feed_sacks_fatteningpigs_priceper100kg_euros,euro_feed_sacks_fatteningpigs_priceper100kg_localcrncy,euro_feed_bulk_fatteningpigs_priceper100kg_euros,euro_feed_bulk_fatteningpigs_priceper100kg_localcrncy,euro_feed_sacks_sows_priceper100kg_euros,euro_feed_sacks_sows_priceper100kg_localcrncy,euro_feed_bulk_sows_priceper100kg_euros,euro_feed_bulk_sows_priceper100kg_localcrncy
0,Brazil,2011,926.0,3227000.0,34862000.0,39307336.0,,2733.0,,2733.0,,1634.0,70.0,70.0,,,,,,,,,,,,,,,,,,,,,,,,,,,,,,,,,,,,,,,,,
1,Brazil,2012,875.0,3149726.0,36005797.0,38795902.0,,2864.0,,2864.0,,1466.0,73.0,73.0,,,,,,,,,,,,,,,,,,,,,,,,,,,,,,,,,,,,,,,,,
2,Brazil,2013,859.0,3117087.0,36286098.0,36743593.0,,3555.0,,3555.0,,1649.0,91.0,91.0,,,,,,,,,,,,,,,,,,,,,,,,,,,,,,,,,,,,,,,,,
3,Brazil,2014,860.0,3192918.0,37130094.0,37930307.0,,3840.0,,3840.0,,1632.0,98.0,98.0,,,,,,,,,,,,,,,,,,,,,,,,,,,,,,,,,,,,,,,,,
4,Brazil,2015,874.0,3430734.0,39263964.0,39795222.0,,4083.0,,4083.0,,1227.0,104.0,104.0,,,,,,,,,,,,,,,,,,,,,,,,,,,,,,,,,,,,,,,,,
5,Brazil,2016,877.0,3711235.0,42319791.0,40053184.0,,3833.0,,3833.0,,1098.0,98.0,98.0,,,,,,,,,,,,,,,,,,,,,,,,,,,,,,,,,,,,,,,,,
6,Brazil,2017,886.0,3824682.0,43185385.0,41383029.0,,,,,,,99.0,93.0,,,,,,,,,,,,,,,,,,,,,,,,,,,,,,,,,,,,,,,,,
7,Brazil,2018,891.0,3950759.0,44337205.0,41231856.0,,,,,,,104.0,79.0,,,,,,,,,,,,,,,,,,,,,,,,,,,,,,,,,,,,,,,,,
8,Brazil,2019,890.0,4125728.0,46356359.0,40556109.0,,,,,,,105.0,79.0,,,,,,,,,,,,,,,,,,,,,,,,,,,,,,,,,,,,,,,,,
9,Brazil,2020,908.0,4482048.0,49356207.0,41124233.0,,,,,,,,,,,,,,,,,,,,,,,,,,,,,,,,,,,,,,,,,,,,,,,,,
10,China,2011,765.0,51593351.0,674059173.0,477109052.0,,,,,,,,,,,,,,,,,,,,,,,,,,,,,,,,,,,,,,,,,,,,,,,,,
11,China,2012,768.0,54435720.0,708596895.0,486742946.0,,,,,,,,,,,,,,,,,,,,,,,,,,,,,,,,,,,,,,,,,,,,,,,,,
12,China,2013,770.0,55917319.0,726039838.0,485112117.0,,,,,,,,,,,,,,,,,,,,,,,,,,,,,,,,,,,,,,,,,,,,,,,,,
13,China,2014,774.0,57661871.0,744917877.0,484914637.0,,,,,,,,,,,,,,,,,,,,,,,,,,,,,,,,,,,,,,,,,,,,,,,,,
14,China,2015,782.0,57415740.0,734077183.0,477319709.0,,,,,,,,,,,,,,,,,,,,,,,,,,,,,,,,,,,,,,,,,,,,,,,,,
15,China,2016,777.0,55206920.0,710504716.0,463691471.0,,,,,,,,,,,,,,,,,,,,,,,,,,,,,,,,,,,,,,,,,,,,,,,,,
16,China,2017,779.0,55455562.0,711541952.0,447191543.0,,,,,,,,,,,,,,,,,,,,,,,,,,,,,,,,,,,,,,,,,,,,,,,,,
17,China,2018,782.0,54991853.0,703464765.0,433763815.0,,,,,,,,,,,,,,,,,,,,,,,,,,,,,,,,,,,,,,,,,,,,,,,,,
18,China,2019,786.0,43498280.0,553734735.0,316081113.0,,,,,,,,,,,,,,,,,,,,,,,,,,,,,,,,,,,,,,,,,,,,,,,,,
19,China,2020,589.0,42102311.0,714862515.0,412172274.0,,,,,,,,,,,,,,,,,,,,,,,,,,,,,,,,,,,,,,,,,,,,,,,,,
20,Denmark,2011,823.0,1720200.0,20898500.0,12931678.0,10743.0,7178.0,10743.0,7178.0,2001.0,1337.0,95.0,102.0,DK,1239.0,1264.0,3558.0,3611.0,2639.0,2688.0,660.0,672.0,6.0,6.0,4235.0,4299.0,20874.5,1718.4,203.47,139.05,118.25,96.1,,,82.28,613.0,,,,,78.38,584.0,,,34.9,260.0,,,25.1,187.0,,,25.1,187.0
21,Denmark,2012,857.0,1669000.0,19485000.0,12330879.0,12336.0,8070.0,12336.0,8070.0,2130.0,1393.0,109.0,115.0,DK,1229.0,1226.0,3508.0,3588.0,2595.0,2646.0,649.0,661.0,9.0,6.0,4280.0,4270.0,19460.7,1603.7,224.89,157.58,138.24,108.41,12.28,91.4,94.25,701.6,,,,,91.29,679.53,,,36.6,272.42,,,26.83,199.7,,,27.19,202.42
22,Denmark,2013,832.0,1589400.0,19102000.0,12075750.0,12400.0,8147.0,12400.0,8147.0,2208.0,1451.0,110.0,116.0,DK,1258.0,1228.0,3542.0,3571.0,2595.0,2527.0,649.0,632.0,7.0,6.0,4340.0,4277.0,19107.8,1589.4,226.74,159.43,140.25,109.28,12.37,92.26,91.91,685.47,,,,,88.24,658.11,,,38.54,287.44,,,28.4,211.81,,,28.33,211.29
23,Denmark,2014,845.0,1593900.0,18857500.0,12331707.0,12400.0,7429.0,12400.0,7429.0,2209.0,1324.0,110.0,106.0,DK,1245.0,1242.0,3777.0,3679.0,2561.0,2476.0,640.0,619.0,7.0,6.0,4468.0,4435.0,18857.5,1593.9,215.41,145.3,126.67,99.6,12.5,93.26,87.8,655.03,,,,,83.91,625.95,,,34.6,258.11,,,24.51,182.84,,,24.42,182.2
24,Denmark,2015,855.0,1600591.0,18716700.0,12537763.0,10211.0,6655.0,10211.0,6655.0,1518.0,989.0,91.0,95.0,DK,1237.0,1248.0,3884.0,3851.0,2518.0,2392.0,629.0,598.0,7.0,6.0,4416.0,4539.0,18716.9,1598.7,194.27,129.92,106.99,89.29,11.72,87.4,74.13,552.88,,,,,70.07,522.66,,,32.56,242.83,,,23.32,173.94,,,23.2,173.05
25,Denmark,2016,860.0,1579405.0,18356533.0,12383000.0,11191.0,7018.0,11191.0,7018.0,1662.0,1043.0,99.0,100.0,DK,1236.0,1216.0,3785.0,3812.0,2325.0,2322.0,581.0,581.0,6.0,6.0,4337.0,4366.0,18228.4,1566.6,210.6,136.4,110.9,94.3,11.8,88.0,67.9,505.0,,,,,66.5,495.0,,,30.9,230.0,,,22.4,167.0,,,23.1,172.0
26,Denmark,2017,877.0,1532387.0,17465583.0,12307667.0,12511.0,7629.0,12511.0,7629.0,1895.0,1155.0,111.0,108.0,DK,1260.0,1228.0,3971.0,3888.0,2402.0,2278.0,600.0,569.0,7.0,6.0,4582.0,4487.0,17466.0,1530.0,230.4,148.8,123.1,102.6,12.3,91.0,76.4,569.0,,,,,75.7,563.0,,,30.7,228.0,,,21.7,161.0,,,22.3,166.0
27,Denmark,2018,874.0,1583100.0,18109700.0,12642000.0,10313.0,6418.0,10313.0,6418.0,1633.0,1016.0,92.0,91.0,DK,1243.0,1269.0,3937.0,3984.0,2321.0,2386.0,580.0,597.0,7.0,7.0,4543.0,4624.0,18085.7,1581.3,184.0,136.9,131.2,86.1,12.3,91.0,91.1,679.0,,,,,88.9,663.0,,,31.3,233.0,,,22.3,166.0,,,22.8,170.0
28,Denmark,2019,890.0,1500400.0,16862700.0,12728000.0,13257.0,8210.0,13257.0,8210.0,1988.0,1231.0,118.0,117.0,DK,1244.0,1227.0,3908.0,3930.0,2398.0,2236.0,599.0,559.0,6.0,6.0,4563.0,4582.0,16838.7,1498.6,241.15,170.42,164.7,109.97,11.89,88.8,95.4,712.27,,,,,93.1,695.12,,,32.03,239.14,,,23.34,174.23,,,23.92,178.62
29,Denmark,2020,923.0,1595630.0,17281900.0,13391000.0,,8617.0,,8617.0,,1317.0,,,DK,1273.0,1250.0,4087.0,4061.0,2669.0,2483.0,667.0,621.0,8.0,6.0,4674.0,4730.0,17278.9,1595.4,267.89,178.91,172.7,115.6,11.91,88.8,81.7,608.98,,,,,83.2,620.2,,,32.25,240.43,,,23.11,172.24,,,24.33,181.35
30,France,2011,887.0,2217368.0,25005000.0,13975454.0,1357.0,,1357.0,,1887.0,,102.0,107.0,FR,1103.0,1144.0,3806.0,3746.0,2748.0,2649.0,2376.0,2299.0,547.0,508.0,3373.0,3474.0,24801.18,2217.94,,,,146.57,,,,,,,,,,,,,42.8,42.8,,,26.8,26.8,,,27.6,27.6
31,France,2012,886.0,2161653.0,24388000.0,13759913.0,1494.0,,1494.0,,1919.0,,112.0,118.0,FR,1076.0,1107.0,3810.0,3735.0,2630.0,2625.0,2383.0,2278.0,557.0,557.0,3307.0,3365.0,24122.11,2172.52,140.65,140.65,140.65,140.65,,,,,,,,,,,,,45.14,45.14,,,28.43,28.43,,,29.47,29.47
32,France,2013,874.0,2130578.0,24387873.0,13485406.0,1520.0,,1520.0,,2018.0,,114.0,120.0,FR,1043.0,1084.0,3657.0,2038.0,2637.0,2615.0,2273.0,2258.0,557.0,536.0,3247.0,5032.0,23728.13,2150.3,142.97,142.97,142.97,142.97,,,,,,,,,,,,,46.88,46.88,,,29.54,29.54,,,30.51,30.51
33,France,2014,909.0,2120315.0,23332517.0,13335192.0,1391.0,,1391.0,,1846.0,,104.0,110.0,FR,1035.0,1066.0,3549.0,1944.0,2609.0,2629.0,2277.0,2205.0,598.0,565.0,3219.0,4945.0,23658.93,2157.89,130.9,130.9,130.9,130.9,,,,,,,,,,,,,43.24,43.24,,,25.76,25.76,,,26.8,26.8
34,France,2015,922.0,2148452.0,23312352.0,13162391.0,1290.0,,1290.0,,1431.0,,97.0,102.0,FR,1011.0,1060.0,3637.0,2113.0,2492.0,2543.0,2300.0,2311.0,596.0,577.0,3261.0,5029.0,23657.26,2162.87,121.5,121.5,121.5,121.5,,,,,,,,,,,,,41.4,41.4,,,24.26,24.26,,,25.83,25.83
35,France,2016,906.0,2170418.0,23965189.0,12626616.0,1327.0,,1327.0,,1468.0,,99.0,88.0,FR,986.0,1007.0,3504.0,2034.0,2418.0,2482.0,2135.0,2208.0,618.0,652.0,3122.0,4884.0,23816.5,2206.41,125.1,125.1,125.1,125.1,,,,,,,,,,,,,39.9,39.9,,,23.32,23.32,,,24.64,24.64
36,France,2017,916.0,2147550.0,23453731.0,12930857.0,1413.0,,1413.0,,1596.0,,106.0,85.0,FR,998.0,1001.0,3652.0,1992.0,2463.0,2440.0,2306.0,2193.0,667.0,677.0,3259.0,5000.0,23404.3,2177.25,,,,,,,,,,,,,,,,,40.0,40.0,,,23.46,23.46,,,24.46,24.46
37,France,2018,929.0,2181530.0,23491470.0,13713000.0,1245.0,,1245.0,,1470.0,,93.0,89.0,FR,1018.0,979.0,3763.0,2040.0,2547.0,2369.0,2298.0,2210.0,729.0,647.0,3350.0,4786.0,23491.47,2181.53,,,,,,,,,,,,,,,,,41.31,41.31,,,24.18,24.18,,,25.47,25.47
38,France,2019,935.0,2200350.0,23538780.0,13510000.0,1517.0,,1517.0,,1699.0,,114.0,96.0,FR,984.0,955.0,2075.0,1973.0,2461.0,2444.0,2293.0,2232.0,707.0,666.0,4982.0,4959.0,23538.78,2200.35,,,,,,,,,,,,,,,,,42.88,42.88,,,25.35,25.35,,,26.7,26.7
39,France,2020,945.0,2201110.0,23291020.0,13737000.0,,,,,,,,,FR,965.0,943.0,2138.0,2019.0,2403.0,2392.0,2221.0,2237.0,719.0,754.0,4933.0,4853.0,23291.02,2201.11,,,,,,,,,,,,,,,,,42.87,42.87,,,25.34,25.34,,,26.81,26.81
40,Germany,2011,940.0,5616074.0,59735680.0,26758100.0,,,,,,,94.0,94.0,DE,2193.58,2193.77,5394.79,5480.66,5387.94,5275.49,5217.24,4925.61,1186.39,1015.06,7997.48,7840.45,59590.0,5598.0,,152.0,141.0,,,,,,,,,,,,,,34.94,34.94,,,26.4,26.4,,,,
41,Germany,2012,938.0,5474021.0,58365864.0,28131700.0,1695.0,1305.0,1695.0,1305.0,2178.0,1677.0,115.0,115.0,DE,2117.75,2172.29,5611.83,5591.54,5859.59,5775.58,5415.35,5165.98,1183.7,1131.07,8116.61,8268.37,58198.0,5459.0,,171.0,159.0,,,,,,,,,,,,,,37.51,37.51,,,28.54,28.54,,,,
42,Germany,2013,939.0,5506772.0,58622058.0,27690100.0,1693.0,1303.0,1693.0,1303.0,2248.0,1730.0,115.0,115.0,DE,2057.69,2054.95,5449.07,5286.53,5821.89,5800.08,5392.14,5262.35,1168.44,1092.19,8219.05,8166.95,58628.0,5474.0,,170.0,158.0,,,,,,,,,,,,,,38.12,38.12,,,28.26,28.26,,,,
43,Germany,2014,938.0,5527769.0,58934837.0,28338990.0,1542.0,1188.0,1542.0,1188.0,2046.0,1576.0,105.0,105.0,DE,2052.26,2080.17,5759.19,5698.95,5715.79,5721.51,5499.92,5223.58,1191.93,1092.61,8097.77,8256.97,58730.0,5507.0,,155.0,143.0,,,,,,,,,,,,,,34.92,34.92,,,24.73,24.73,,,,
44,Germany,2015,937.0,5570490.0,59435349.0,27652416.0,1385.0,1067.0,1385.0,1067.0,1536.0,1183.0,94.0,94.0,DE,1973.24,2024.34,5554.05,5604.29,5584.43,5774.51,5304.74,5359.32,1109.76,1026.19,8100.85,8290.91,59292.0,5562.0,158.49,140.0,103.0,,,,,,,,,,,,,,34.1,34.1,,,24.55,24.55,,,24.67,24.67
45,Germany,2016,940.0,5589639.0,59480468.0,27376100.0,1490.0,1147.0,1490.0,1147.0,1648.0,1269.0,101.0,101.0,DE,1908.36,1917.04,5189.35,5341.31,5561.16,5444.52,5465.46,5271.47,1228.51,1050.75,7998.23,8099.85,59391.0,5579.0,192.45,149.0,112.0,,,,,,,,,,,,,,31.73,31.73,,,23.25,23.25,,,22.81,22.81
46,Germany,2017,943.0,5505572.0,58408370.0,27577600.0,1632.0,1257.0,1632.0,1257.0,1844.0,1420.0,111.0,111.0,DE,1905.36,1906.22,5337.26,5447.01,5500.26,5530.29,5515.54,5193.65,1223.7,1158.05,8071.2,7917.04,57868.0,5455.0,226.42,162.0,132.0,,,,,,,,,,,,,,31.65,31.65,,,23.62,23.62,,,23.13,23.13
47,Germany,2018,944.0,5350000.0,56679000.0,26445400.0,1428.0,1100.0,1428.0,1100.0,1686.0,1299.0,97.0,97.0,DE,1837.0,1858.9,5048.6,5172.6,5359.5,5563.6,5284.2,5190.6,1226.6,1123.7,7671.6,7970.5,56609.0,5343.0,162.26,143.0,105.0,,,,,,55.27,55.27,113.52,113.52,98.69,98.69,,,34.0,34.0,,,25.55,25.55,,,25.43,25.43
48,Germany,2019,948.0,5232000.0,55196000.0,26053400.0,1739.0,1339.0,1739.0,1339.0,1948.0,1499.0,118.0,118.0,DE,1787.9,1805.0,4851.9,4985.7,5315.2,5219.1,5118.3,4981.4,1287.8,1143.5,7673.8,7803.1,55131.0,5227.0,240.0,173.9,137.0,,,,,,53.69,53.69,111.39,111.39,97.0,97.0,,,33.47,33.47,,,25.45,25.45,,,25.54,25.54
49,Germany,2020,959.0,5118000.0,53378000.0,26069900.0,,1233.0,,1233.0,,1408.0,,,DE,1694.7,1775.5,4700.6,4729.9,5121.0,5119.2,5156.4,4758.6,1668.6,1228.8,7708.8,7850.1,53318.0,5112.0,194.5,132.84,130.41,,,,,,36.13,36.13,97.24,97.24,83.39,83.39,,,33.41,33.41,,,25.52,25.52,,,25.54,25.54
50,Italy,2011,1223.0,1601877.0,13097493.0,9321119.0,,1838.0,,1838.0,,2555.0,85.0,85.0,IT,708.77,673.22,1856.94,1803.63,1474.76,1662.26,1499.76,1441.93,2036.82,1987.84,1748.69,1701.22,12346.25,1570.23,,,,182.84,,,,,,,,,,,,,,,,,,,,,,
51,Italy,2012,1234.0,1650837.0,13377139.0,8661526.0,,2113.0,,2113.0,,2715.0,99.0,98.0,IT,621.45,585.33,1525.67,2088.48,1264.69,1395.54,1486.15,1452.37,2323.91,1883.48,1406.91,1860.93,12663.94,1620.72,,,,213.13,,,,,,,,,,,,,,,,,,,,,,
52,Italy,2013,1262.0,1652424.0,13098673.0,8561683.0,,2220.0,,2220.0,,2947.0,103.0,103.0,IT,590.28,588.68,1545.94,1541.25,1248.15,1270.43,1472.18,1512.86,2221.98,2319.97,1450.08,1417.8,13098.67,1625.48,,,,221.39,,,,,,,,,,,,,,,,,,,,,,
53,Italy,2014,1215.0,1327822.0,10930709.0,8676100.0,,2237.0,,2237.0,,2968.0,104.0,104.0,IT,585.72,578.43,1629.27,1558.99,1312.53,1235.79,1480.46,1665.64,2234.92,2167.7,1406.8,1393.05,10930.71,1327.82,,,,223.67,,,,,,,,,,,,,,,,,,,,,,
54,Italy,2015,1319.0,1491414.0,11304236.0,8674793.0,,2026.0,,2026.0,,2247.0,94.0,94.0,IT,582.45,583.63,1633.18,1631.38,1313.77,1315.96,1472.17,1481.37,2237.03,2234.95,1407.85,1410.17,11304.24,1485.83,,,,202.64,,,,,,,,,,,,,,,,,,,,,,
55,Italy,2016,1303.0,1544132.0,11848037.0,8477930.0,,2193.0,,2193.0,,2426.0,102.0,102.0,IT,558.07,571.59,1602.34,1579.4,1211.19,1288.41,1451.57,1526.42,2251.07,2275.14,1375.03,1441.87,11848.04,1544.13,,,,220.44,,,,,,,,,,,,,,,,,,,,,,
56,Italy,2017,1289.0,1466949.0,11380546.0,8570807.0,,2617.0,,2617.0,,2956.0,122.0,122.0,IT,561.64,579.49,1623.78,1595.51,1254.45,1330.9,1464.16,1586.59,2252.52,2287.79,1385.18,1368.92,11380.55,1466.95,,,,261.67,,,,,,,,,,,,,,,,,,,,,,
57,Italy,2018,1303.0,1487000.0,11410440.0,8492230.0,,2558.0,,2558.0,,3021.0,119.0,119.0,IT,556.81,587.87,1610.8,1560.97,1283.41,1295.2,1425.57,1638.94,2185.32,2237.48,1407.23,1420.67,11251.37,1470.67,,,,255.78,,,,,,,,,,,,,,,,,,,,,,
58,Italy,2019,1258.0,1464490.0,11642620.0,8510270.0,,2232.0,,2232.0,,2498.0,124.0,104.0,IT,556.01,578.68,1621.64,1535.61,1275.4,1272.93,1432.83,1623.32,2189.34,2209.95,1411.6,1396.87,11481.33,1447.63,,,,223.17,,,,,,,,,,,,,,,,,,,,,,
59,Italy,2020,1195.0,1286690.0,10764870.0,8543030.0,,2170.0,,2170.0,,2479.0,,,IT,568.55,590.95,1619.8,1556.4,1276.67,1315.65,1436.27,1624.67,2194.96,2354.87,1424.32,1445.64,10607.64,1270.87,,,,217.04,,,,,,,,,,,,,,,,,,,,,,
60,Netherlands,2011,923.0,1347166.0,14593700.0,12429140.0,,1088.0,,1088.0,,1512.0,90.0,103.0,NL,1106.0,1105.0,2011.0,1945.0,1970.0,1996.0,1829.0,1738.0,380.0,312.0,4797.0,5277.0,14593.7,1347.17,147.5,,,108.8,,,,,,,137.8,137.8,89.4,89.4,39.75,39.75,36.0,36.0,30.15,30.15,26.35,26.35,29.8,29.8,26.05,26.05
61,Netherlands,2012,930.0,1331731.0,14317700.0,12233650.0,,1212.0,,1212.0,,1557.0,100.0,115.0,NL,1081.0,1066.0,1835.0,1935.0,1885.0,1936.0,1790.0,1738.0,513.0,370.0,4993.0,5180.0,14317.7,1331.73,192.39,,,120.9,,,,,,,147.2,147.2,96.7,96.7,42.65,42.65,38.65,38.65,32.8,32.8,28.8,28.8,32.1,32.1,28.1,28.1
62,Netherlands,2013,933.0,1306950.0,14013580.0,12212300.0,,1216.0,,1216.0,,1615.0,100.0,116.0,NL,1095.0,1076.0,1783.0,1867.0,1891.0,1900.0,1804.0,1738.0,514.0,358.0,4920.0,5274.0,14013.58,1306.95,197.83,,,121.68,,,,,,,145.3,145.3,110.5,110.5,44.05,44.05,40.05,40.05,33.55,33.55,29.55,29.55,32.6,32.6,28.6,28.6
63,Netherlands,2014,939.0,1370890.0,14595890.0,12238000.0,,1099.0,,1099.0,,1457.0,104.0,104.0,NL,1106.0,1092.0,1748.0,1840.0,1873.0,1843.0,1679.0,1682.0,535.0,392.0,5116.0,5382.0,14595.89,1370.89,195.03,,,109.98,,,,,,,140.08,140.08,109.0,109.0,40.05,40.05,36.05,36.05,29.25,29.25,25.25,25.25,29.0,29.0,25.0,25.0
64,Netherlands,2015,940.0,1456220.0,15485070.0,12603000.0,,987.0,,987.0,,1095.0,94.0,94.0,NL,1053.0,1102.93,1765.0,1867.57,1879.0,1896.43,1781.0,1735.26,563.0,394.91,5408.0,5597.81,15485.07,1456.22,153.26,,,98.28,,,,,,,128.77,128.77,93.75,93.75,39.1,39.1,35.1,35.1,28.55,28.55,24.55,24.55,28.1,28.1,24.1,24.1
65,Netherlands,2016,945.0,1452840.0,15373890.0,12479000.0,,1070.0,,1070.0,,1184.0,102.0,102.0,NL,1022.0,1052.83,1730.0,1839.86,1827.0,1831.25,1711.0,1699.8,602.0,407.42,4986.0,5576.8,15373.89,1452.84,206.52,,,106.86,,,,,,,122.07,122.07,86.5,86.5,38.25,38.25,34.25,34.25,27.1,27.1,23.1,23.1,26.7,26.7,22.7,22.7
66,Netherlands,2017,960.0,1455677.0,15169000.0,12409000.0,,1180.0,,1180.0,,1333.0,112.0,112.0,NL,1066.0,1064.04,1731.0,1817.18,1787.0,1781.62,1618.0,1674.41,563.0,444.61,5522.0,5611.56,15169.04,1455.68,248.91,,,117.78,,,,,,,128.26,128.26,93.65,93.65,38.45,38.45,34.45,34.45,27.5,27.5,23.5,23.5,27.15,27.15,23.15,23.15
67,Netherlands,2018,965.0,1535920.0,15914840.0,11909000.0,,1034.0,,1034.0,,1221.0,98.0,98.0,NL,967.0,1051.09,1616.0,1814.18,1666.0,1745.12,1679.0,1648.59,687.0,471.68,5287.0,5652.98,15914.84,1535.92,173.91,,,103.74,,,,,,,133.72,133.72,103.0,103.0,40.0,40.0,36.0,36.0,28.8,28.8,24.8,24.8,28.8,28.8,24.8,24.8
68,Netherlands,2019,982.0,1628290.0,16583820.0,11921000.0,,1280.0,,1280.0,,1433.0,106.0,122.0,NL,1047.0,1011.22,1704.0,1791.42,1755.0,1724.5,1743.0,1655.11,666.0,473.55,5002.0,5551.02,16583.82,1628.29,257.61,,,127.92,,,,,,,136.12,136.12,104.85,104.85,39.87,39.87,35.87,35.87,28.67,28.67,24.67,24.67,28.87,28.87,24.87,24.87
69,Netherlands,2020,997.0,1661650.0,16666090.0,11541000.0,,1187.0,,1187.0,,1356.0,,,NL,923.0,1000.76,1696.0,1720.01,1731.0,1651.28,1653.0,1563.91,661.0,503.84,4872.0,5413.68,16666.09,1661.65,226.09,,,118.56,,,,,,,129.09,129.09,92.1,92.1,39.8,39.8,35.8,35.8,28.4,28.4,24.4,24.4,29.2,29.2,25.2,25.2
70,Poland,2011,878.0,1936300.0,22055910.0,13508654.0,,4521.0,,4521.0,,1526.0,92.0,98.0,PL,1124.95,1214.36,3585.35,4194.65,2267.47,1965.89,1995.56,1647.34,497.21,326.95,3556.91,4111.31,20978.5,1810.78,159.8,,,,15.29,63.0,89.31,368.0,,,,,123.34,508.25,31.66,130.45,,,54.98,226.55,,,37.96,156.4,,
71,Poland,2012,897.0,1848600.0,20604816.0,11581298.0,,5404.0,,5404.0,,1659.0,110.0,118.0,PL,1012.11,1097.36,3163.02,3386.19,1844.25,1908.56,1732.31,1723.89,405.48,325.88,2950.75,3472.41,19215.8,1695.2,170.89,,,,15.77,66.0,98.93,414.0,,,,,137.11,573.75,34.3,143.55,,,60.02,251.15,,,41.22,172.49,,
72,Poland,2013,876.0,1775500.0,20278472.0,11162472.0,,5391.0,,5391.0,,1706.0,110.0,117.0,PL,955.14,1020.38,3084.72,3510.36,1900.18,1758.9,1717.22,1618.78,422.58,309.74,2892.31,3161.89,19119.83,1684.26,197.41,,,,15.96,67.0,93.39,392.0,,,,,131.96,553.92,36.22,152.03,,,65.39,274.46,,,43.28,181.68,,
73,Poland,2014,861.0,1864500.0,21665978.0,11724056.0,,4821.0,,4821.0,,1528.0,98.0,105.0,PL,956.29,1008.77,3149.46,3257.72,2037.22,2019.0,1800.95,1765.5,469.41,426.24,2833.99,3225.13,20504.14,1838.46,173.26,,,,15.3,64.0,89.38,374.0,,,,,126.19,528.0,33.99,142.22,,,64.46,269.73,,,42.95,179.72,,
74,Poland,2015,909.0,1976000.0,21748332.0,11639790.0,,4295.0,,4295.0,,1139.0,88.0,93.0,PL,814.4,946.98,2969.9,3207.43,2027.7,2087.7,1752.9,1846.86,433.6,402.6,2575.5,3127.69,21242.97,1906.11,192.8,,,,15.61,65.3,72.66,304.0,,,,,108.75,455.0,32.56,136.22,,,62.88,263.09,,,42.29,176.94,,
75,Poland,2016,909.0,2008800.0,22098424.0,10865318.0,,4677.0,,4677.0,,1186.0,114.0,102.0,PL,859.0,854.0,3169.8,3077.0,2075.6,1928.0,1788.8,1692.0,406.8,355.0,2789.8,2944.0,21770.26,1963.01,199.03,,,,14.71,64.2,60.05,262.0,,,,,95.34,416.0,31.42,137.07,,,58.3,254.37,,,39.54,172.5,,
76,Poland,2017,916.0,2032900.0,22188959.0,11352719.0,,5049.0,,5049.0,,1336.0,118.0,110.0,PL,908.1,885.0,3508.0,3276.0,2314.4,2192.0,1955.2,1774.0,482.3,357.0,2723.2,2853.0,22066.9,1990.46,234.1,,,,15.27,65.0,68.59,292.0,,,,,105.47,449.0,32.49,138.31,,,59.17,251.9,,,40.46,172.22,,
77,Poland,2018,920.0,2093200.0,22753710.0,11027700.0,,4476.0,,4476.0,,1239.0,112.0,97.0,PL,744.6,871.0,3228.7,3434.0,2267.6,2314.0,1944.1,1985.0,550.1,464.0,2278.9,2744.0,22649.92,2082.44,194.14,,,,15.25,65.0,77.91,332.0,,,,,116.16,495.0,33.39,142.28,,,59.79,254.78,,,42.25,180.04,,
78,Poland,2019,927.0,1988840.0,21443710.0,11215500.0,,5386.0,,5386.0,,1403.0,113.0,117.0,PL,756.8,755.0,3338.7,3044.0,2332.5,2167.0,1932.4,1896.0,552.6,488.0,2288.2,2419.0,21339.92,1978.84,255.65,,,,13.9,59.75,78.4,336.92,,,,,118.69,510.08,55.58,238.85,,,34.63,148.81,,,43.3,186.08,,
79,Poland,2020,946.0,1985120.0,20983590.0,11727400.0,,5125.0,,5125.0,,1314.0,,,PL,815.0,795.0,3443.7,3312.0,2334.2,2226.0,2054.3,2031.0,688.7,563.0,2376.8,2490.0,20869.24,1974.49,289.53,,,,15.04,66.83,64.2,285.25,,,,,101.68,451.75,55.09,244.76,,,34.14,151.67,,,42.69,189.65,,
80,Russia,2011,836.0,2427636.0,29055140.0,17217860.0,124668.0,76386.0,124668.0,76386.0,4243.0,2600.0,80.0,79.0,,,,,,,,,,,,,,,,,,,,,,,,,,,,,,,,,,,,,,,,,
81,Russia,2012,852.0,2559477.0,30046699.0,17258297.0,137695.0,83243.0,137695.0,83243.0,4465.0,2699.0,88.0,86.0,,,,,,,,,,,,,,,,,,,,,,,,,,,,,,,,,,,,,,,,,
82,Russia,2013,853.0,2816178.0,33005627.0,18816357.0,119262.0,71675.0,119262.0,71675.0,3746.0,2251.0,76.0,74.0,,,,,,,,,,,,,,,,,,,,,,,,,,,,,,,,,,,,,,,,,
83,Russia,2014,868.0,2973928.0,34271029.0,19081411.0,150696.0,94081.0,150696.0,94081.0,3927.0,2451.0,96.0,97.0,,,,,,,,,,,,,,,,,,,,,,,,,,,,,,,,,,,,,,,,,
84,Russia,2015,878.0,3098678.0,35310350.0,19546095.0,168055.0,103030.0,168055.0,103030.0,2758.0,1691.0,108.0,106.0,,,,,,,,,,,,,,,,,,,,,,,,,,,,,,,,,,,,,,,,,
85,Russia,2016,869.0,3355060.0,38603909.0,21405501.0,150097.0,93976.0,150097.0,93976.0,2238.0,1401.0,96.0,97.0,,,,,,,,,,,,,,,,,,,,,,,,,,,,,,,,,,,,,,,,,
86,Russia,2017,875.0,3515740.0,40190933.0,21924642.0,150073.0,96502.0,150073.0,96502.0,2572.0,1654.0,96.0,99.0,,,,,,,,,,,,,,,,,,,,,,,,,,,,,,,,,,,,,,,,,
87,Russia,2018,897.0,3744170.0,41746342.0,23075510.0,154488.0,99583.0,154488.0,99583.0,2465.0,1589.0,99.0,103.0,,,,,,,,,,,,,,,,,,,,,,,,,,,,,,,,,,,,,,,,,
88,Russia,2019,909.0,3936829.0,43328496.0,23726560.0,149477.0,94766.0,149477.0,94766.0,2309.0,1464.0,96.0,98.0,,,,,,,,,,,,,,,,,,,,,,,,,,,,,,,,,,,,,,,,,
89,Russia,2020,923.0,4281613.0,46363647.0,25163165.0,,92215.0,,92215.0,,1279.0,,,,,,,,,,,,,,,,,,,,,,,,,,,,,,,,,,,,,,,,,,,
90,Spain,2011,831.0,3469345.0,41743364.0,25634900.0,1232.0,,1232.0,,1713.0,,104.0,126.0,ES,2404.3,2425.26,5887.78,5791.61,4340.29,4651.76,4745.54,4498.51,1284.69,839.69,6928.22,7356.97,41743.36,3469.35,178.85,,178.07,123.24,,,,,,,,,81.48,81.48,40.11,40.11,,,29.04,29.04,,,28.52,28.52,,
91,Spain,2012,833.0,3466323.0,41594556.0,25250400.0,1349.0,,1349.0,,1733.0,,114.0,138.0,ES,2250.13,2357.48,5735.41,6096.19,4656.68,4500.77,4597.41,4110.31,887.91,819.9,7084.78,7233.72,41594.56,3466.32,226.8,,193.56,134.89,,,,,,,,,88.04,88.04,41.56,41.56,,,30.83,30.83,,,30.26,30.26,,
92,Spain,2013,828.0,3431214.0,41418464.0,25494720.0,1392.0,,1392.0,,1848.0,,117.0,142.0,ES,2252.93,2235.08,5591.78,5811.91,4634.57,4315.22,5198.66,4444.23,725.8,763.73,7055.32,7103.04,41418.47,3431.22,261.45,,211.32,139.18,,,,,,,,,85.92,85.92,41.44,41.44,,,30.44,30.44,,,29.9,29.9,,
93,Spain,2014,818.0,3555606.0,43484000.0,26567600.0,1286.0,,1286.0,,1707.0,,108.0,131.0,ES,2357.78,2353.35,6009.85,5850.26,4473.03,4595.52,4910.16,4151.86,901.23,831.45,7879.91,7594.43,43483.57,3620.22,240.25,,186.68,128.46,,,,,,,,,80.84,80.84,38.55,38.55,,,27.6,27.6,,,27.69,27.69,,
94,Spain,2015,840.0,3854658.0,45890524.0,28367335.0,1139.0,,1139.0,,1263.0,,96.0,84.0,ES,2466.27,2407.59,6595.2,6487.98,4881.72,4634.36,5038.63,4845.02,1437.64,891.11,7909.64,7682.69,45890.52,3854.66,182.25,,161.59,113.89,,,,,,,,,64.26,64.26,38.08,38.08,,,27.42,27.42,,,27.36,27.36,,
95,Spain,2016,852.0,4181091.0,49083785.0,29231595.0,1140.0,,1140.0,,1261.0,,96.0,84.0,ES,2415.17,2374.31,6397.27,6390.62,5145.99,4754.43,5576.74,4742.49,1562.74,1072.0,8100.46,8174.4,49083.79,4181.09,190.75,,164.7,113.95,,,,,,,,,55.8,55.8,35.48,35.48,,,26.25,26.25,,,26.05,26.05,,
96,Spain,2017,859.0,4298789.0,50072755.0,29971357.0,1260.0,,1260.0,,1423.0,,106.0,93.0,ES,2454.33,2516.0,7058.28,6673.01,4943.37,5111.71,5569.84,5343.85,1549.19,774.94,8364.93,8215.69,50072.76,4298.79,241.2,,185.12,125.99,,,,,,,,,61.24,61.24,35.53,35.53,,,26.04,26.04,,,25.96,25.96,,
97,Spain,2018,866.0,4530480.0,52289200.0,30804100.0,1144.0,,1144.0,,1351.0,,96.0,85.0,ES,2500.52,2497.79,6897.16,7296.59,5138.34,5248.03,6083.33,5546.59,1605.12,884.98,8550.74,8636.91,52289.2,4530.48,223.7,,165.59,114.44,,,,,,,,,69.74,69.74,36.26,36.26,,,26.79,26.79,,,26.48,26.48,,
98,Spain,2019,876.0,4641160.0,52982310.0,31246040.0,1348.0,,1348.0,,1510.0,,113.0,85.0,ES,2576.99,2537.87,7020.19,7010.89,5646.34,5259.03,5641.99,5551.95,1992.56,1028.76,8341.14,9044.87,52982.31,4641.16,261.15,,183.66,134.81,,,,,,,,,72.97,72.97,36.22,36.22,,,27.46,27.46,,,27.27,27.27,,
99,Spain,2020,891.0,5003430.0,56130030.0,32796070.0,,,,,,,,,ES,2635.25,2554.59,7534.17,7410.93,6019.72,5616.12,6070.84,5293.11,2020.81,1556.75,8484.05,8911.42,56130.03,5003.43,236.65,,183.6,134.13,,,,,,,,,58.75,58.75,35.77,35.77,,,27.39,27.39,,,26.91,26.91,,
100,United Kingdom,2011,801.0,806000.0,10062000.0,4441000.0,,1029.0,,1029.0,,1649.0,94.0,94.0,UK,484.0,507.0,1116.0,1112.0,944.0,960.0,612.0,622.0,46.0,52.0,1108.0,1171.0,10062.49,805.68,264.38,,,118.59,,,,,,,143.42,124.47,79.02,68.58,,,,,,,,,,,,
101,United Kingdom,2012,801.0,825000.0,10299000.0,4481000.0,,1072.0,,1072.0,,1694.0,98.0,98.0,UK,494.0,507.0,1075.0,1130.0,916.0,969.0,593.0,627.0,48.0,59.0,1075.0,1173.0,10298.97,824.64,250.57,,,132.31,,,,,,,145.76,118.19,88.03,71.38,,,,,,,,,,,,
102,United Kingdom,2013,809.0,833000.0,10302000.0,4885000.0,,1227.0,,1227.0,,1918.0,112.0,112.0,UK,482.0,507.0,1131.0,1231.0,966.0,1030.0,614.0,676.0,50.0,62.0,1125.0,1364.0,10298.84,832.92,282.65,,,144.51,,,,,,,137.61,116.87,82.67,70.21,,,,,,,,,,,,
103,United Kingdom,2014,824.0,863000.0,10470000.0,4815000.0,,1206.0,,1206.0,,1985.0,110.0,110.0,UK,473.0,486.0,1158.0,1218.0,998.0,1057.0,637.0,687.0,53.0,69.0,1177.0,1284.0,10465.46,862.13,291.72,,,149.62,,,,,,,137.92,111.18,79.9,64.41,,,,,,,,,,,,
104,United Kingdom,2015,828.0,900000.0,10872000.0,4739000.0,,1026.0,,1026.0,,1568.0,94.0,94.0,UK,488.0,492.0,1130.0,1194.0,972.0,1038.0,622.0,674.0,53.0,63.0,1144.0,1263.0,10847.95,898.33,294.27,,,141.34,,,,,,,131.94,95.77,67.48,48.98,,,,,,,,,,,,
105,United Kingdom,2016,836.0,919000.0,10990000.0,4866000.0,,1045.0,,1045.0,,1411.0,96.0,96.0,UK,490.0,494.0,1165.0,1225.0,996.0,1039.0,636.0,686.0,53.0,63.0,1184.0,1344.0,10989.83,919.22,,,,127.53,,,,,,,111.99,91.77,54.86,44.96,,,,,,,,,,,,
106,United Kingdom,2017,847.0,903000.0,10657000.0,4969000.0,,1161.0,,1161.0,,1494.0,107.0,106.0,UK,490.0,498.0,1213.0,1235.0,1036.0,1051.0,661.0,692.0,56.0,65.0,1244.0,1413.0,10656.79,902.57,218.71,,,133.63,,,,,,,114.2,100.12,60.81,53.31,,,,,,,,,,,,
107,United Kingdom,2018,848.0,927000.0,10938000.0,5055000.0,,1078.0,,1078.0,,1438.0,101.0,99.0,UK,490.0,491.0,1187.0,1231.0,1023.0,1029.0,664.0,683.0,56.0,63.0,1216.0,1502.0,10936.46,926.73,192.99,,,125.19,,,,,,,122.44,108.32,69.54,61.52,,,,,,,,,,,,
108,United Kingdom,2019,862.0,957000.0,11107000.0,5130000.0,,1095.0,,1095.0,,1398.0,102.0,100.0,UK,490.0,497.0,1231.0,1268.0,1046.0,1056.0,673.0,709.0,55.0,69.0,1233.0,1467.0,11133.27,959.73,191.88,,,128.86,,,,,,,124.82,109.56,71.49,62.75,,,,,,,,,,,,
109,United Kingdom,2020,881.0,984000.0,11165000.0,5148000.0,,1162.0,,1162.0,,1490.0,,,UK,,490.0,,1232.0,,1028.0,,698.0,,67.0,,1528.0,,,,,,,,,,,,,,,,,,,,,,,,,,,,
110,United States of America,2011,931.0,10330715.0,110956300.0,66360800.0,,1440.0,,1440.0,,1440.0,109.0,108.0,,,,,,,,,,,,,,,,,,,,,,,,,,,,,,,,,,,,,,,,,
111,United States of America,2012,932.0,10554200.0,113246600.0,66224000.0,,1415.0,,1415.0,,1415.0,108.0,106.0,,,,,,,,,,,,,,,,,,,,,,,,,,,,,,,,,,,,,,,,,
112,United States of America,2013,938.0,10524535.0,112160500.0,64774600.0,,1482.0,,1482.0,,1482.0,113.0,111.0,,,,,,,,,,,,,,,,,,,,,,,,,,,,,,,,,,,,,,,,,
113,United States of America,2014,969.0,10368227.0,106957700.0,67776300.0,,1687.0,,1687.0,,1687.0,128.0,127.0,,,,,,,,,,,,,,,,,,,,,,,,,,,,,,,,,,,,,,,,,
114,United States of America,2015,963.0,11120748.0,115512200.0,68919300.0,,1219.0,,1219.0,,1219.0,93.0,92.0,,,,,,,,,,,,,,,,,,,,,,,,,,,,,,,,,,,,,,,,,
115,United States of America,2016,957.0,11320182.0,118303900.0,71345400.0,,1087.0,,1087.0,,1087.0,79.0,82.0,,,,,,,,,,,,,,,,,,,,,,,,,,,,,,,,,,,,,,,,,
116,United States of America,2017,957.0,11610981.0,121389700.0,73144900.0,,1171.0,,1171.0,,1171.0,87.0,88.0,,,,,,,,,,,,,,,,,,,,,,,,,,,,,,,,,,,,,,,,,
117,United States of America,2018,959.0,11942965.0,124508400.0,75070200.0,,1107.0,,1107.0,,1107.0,79.0,83.0,,,,,,,,,,,,,,,,,,,,,,,,,,,,,,,,,,,,,,,,,
118,United States of America,2019,965.0,12542865.0,129990000.0,78227600.0,,1133.0,,1133.0,,1133.0,85.0,85.0,,,,,,,,,,,,,,,,,,,,,,,,,,,,,,,,,,,,,,,,,
119,United States of America,2020,976.0,12845097.0,131639000.0,77312000.0,,1034.0,,1034.0,,1034.0,,,,,,,,,,,,,,,,,,,,,,,,,,,,,,,,,,,,,,,,,,,
