iso3,year,incomegroup,flag
AFG,2000,L,
ALB,2000,LM,
DZA,2000,LM,
ASM,2000,UM,
AND,2000,H,
AGO,2000,L,
ATG,2000,UM,
ARG,2000,UM,
ARM,2000,L,
ABW,2000,H,
AUS,2000,H,
AUT,2000,H,
AZE,2000,L,
BHS,2000,H,
BHR,2000,UM,
BGD,2000,L,
BRB,2000,H,
BLR,2000,LM,
BEL,2000,H,
BLZ,2000,LM,
BEN,2000,L,
BMU,2000,H,
BTN,2000,L,
BOL,2000,LM,
BIH,2000,LM,
BWA,2000,UM,
BRA,2000,UM,
VGB,2000,..,
BRN,2000,H,
BGR,2000,LM,
BFA,2000,L,
BDI,2000,L,
CPV,2000,LM,
KHM,2000,L,
CMR,2000,L,
CAN,2000,H,
CYM,2000,H,
CAF,2000,L,
TCD,2000,L,
CHI,2000,H,
CHL,2000,UM,
CHN,2000,LM,
COL,2000,LM,
COM,2000,L,
COD,2000,L,
COG,2000,L,
CRI,2000,UM,
CIV,2000,L,
HRV,2000,UM,
CUB,2000,LM,
CUW,2000,..,
CYP,2000,H,
CZE,2000,UM,
DNK,2000,H,
DJI,2000,LM,
DMA,2000,UM,
DOM,2000,LM,
ECU,2000,LM,
EGY,2000,LM,
SLV,2000,LM,
GNQ,2000,LM,
ERI,2000,L,
EST,2000,UM,
SWZ,2000,LM,
ETH,2000,L,
FRO,2000,H,
FJI,2000,LM,
FIN,2000,H,
FRA,2000,H,
PYF,2000,H,
GAB,2000,UM,
GMB,2000,L,
GEO,2000,L,
DEU,2000,H,
GHA,2000,L,
GIB,2000,..,
GRC,2000,H,
GRL,2000,H,
GRD,2000,UM,
GUM,2000,H,
GTM,2000,LM,
GIN,2000,L,
GNB,2000,L,
GUY,2000,LM,
HTI,2000,L,
HND,2000,LM,
HKG,2000,H,
HUN,2000,UM,
ISL,2000,H,
IND,2000,L,
IDN,2000,L,
IRN,2000,LM,
IRQ,2000,LM,
IRL,2000,H,
IMN,2000,UM,
ISR,2000,H,
ITA,2000,H,
JAM,2000,LM,
JPN,2000,H,
JOR,2000,LM,
KAZ,2000,LM,
KEN,2000,L,
KIR,2000,LM,
PRK,2000,L,
KOR,2000,UM,
XKX,2000,..,
KWT,2000,H,
KGZ,2000,L,
LAO,2000,L,
LVA,2000,LM,
LBN,2000,UM,
LSO,2000,L,
LBR,2000,L,
LBY,2000,UM,
LIE,2000,H,
LTU,2000,LM,
LUX,2000,H,
MAC,2000,H,
MDG,2000,L,
MWI,2000,L,
MYS,2000,UM,
MDV,2000,LM,
MLI,2000,L,
MLT,2000,H,
MHL,2000,LM,
MRT,2000,L,
MUS,2000,UM,
MEX,2000,UM,
FSM,2000,LM,
MDA,2000,L,
MCO,2000,H,
MNG,2000,L,
MNE,2000,..,
MAR,2000,LM,
MOZ,2000,L,
MMR,2000,L,
NAM,2000,LM,
NRU,2000,..,
NPL,2000,L,
NLD,2000,H,
NCL,2000,H,
NZL,2000,H,
NIC,2000,L,
NER,2000,L,
NGA,2000,L,
MKD,2000,LM,
MNP,2000,H,
NOR,2000,H,
OMN,2000,UM,
PAK,2000,L,
PLW,2000,UM,
PAN,2000,UM,
PNG,2000,LM,
PRY,2000,LM,
PER,2000,LM,
PHL,2000,LM,
POL,2000,UM,
PRT,2000,H,
PRI,2000,UM,
QAT,2000,H,
ROU,2000,LM,
RUS,2000,LM,
RWA,2000,L,
WSM,2000,LM,
SMR,2000,H,
STP,2000,L,
SAU,2000,UM,
SEN,2000,L,
SRB,2000,..,
SYC,2000,UM,
SLE,2000,L,
SGP,2000,H,
SXM,2000,..,
SVK,2000,UM,
SVN,2000,H,
SLB,2000,L,
SOM,2000,L,
ZAF,2000,UM,
SSD,2000,..,
ESP,2000,H,
LKA,2000,LM,
KNA,2000,UM,
LCA,2000,UM,
MAF,2000,..,
VCT,2000,LM,
SDN,2000,L,
SUR,2000,LM,
SWE,2000,H,
CHE,2000,H,
SYR,2000,LM,
TWN,2000,H,
TJK,2000,L,
TZA,2000,L,
THA,2000,LM,
TLS,2000,..,
TGO,2000,L,
TON,2000,LM,
TTO,2000,UM,
TUN,2000,LM,
TUR,2000,UM,
TKM,2000,LM,
TCA,2000,..,
TUV,2000,..,
UGA,2000,L,
UKR,2000,L,
ARE,2000,H,
GBR,2000,H,
USA,2000,H,
URY,2000,UM,
UZB,2000,L,
VUT,2000,LM,
VEN,2000,UM,
VNM,2000,L,
VIR,2000,H,
PSE,2000,LM,
YEM,2000,L,
ZMB,2000,L,
ZWE,2000,L,
AFG,2001,L,
ALB,2001,LM,
DZA,2001,LM,
ASM,2001,UM,
AND,2001,H,
AGO,2001,L,
ATG,2001,UM,
ARG,2001,UM,
ARM,2001,L,
ABW,2001,H,
AUS,2001,H,
AUT,2001,H,
AZE,2001,L,
BHS,2001,H,
BHR,2001,H,
BGD,2001,L,
BRB,2001,UM,
BLR,2001,LM,
BEL,2001,H,
BLZ,2001,LM,
BEN,2001,L,
BMU,2001,H,
BTN,2001,L,
BOL,2001,LM,
BIH,2001,LM,
BWA,2001,UM,
BRA,2001,UM,
VGB,2001,..,
BRN,2001,H,
BGR,2001,LM,
BFA,2001,L,
BDI,2001,L,
CPV,2001,LM,
KHM,2001,L,
CMR,2001,L,
CAN,2001,H,
CYM,2001,H,
CAF,2001,L,
TCD,2001,L,
CHI,2001,H,
CHL,2001,UM,
CHN,2001,LM,
COL,2001,LM,
COM,2001,L,
COD,2001,L,
COG,2001,L,
CRI,2001,UM,
CIV,2001,L,
HRV,2001,UM,
CUB,2001,LM,
CUW,2001,..,
CYP,2001,H,
CZE,2001,UM,
DNK,2001,H,
DJI,2001,LM,
DMA,2001,UM,
DOM,2001,LM,
ECU,2001,LM,
EGY,2001,LM,
SLV,2001,LM,
GNQ,2001,L,
ERI,2001,L,
EST,2001,UM,
SWZ,2001,LM,
ETH,2001,L,
FRO,2001,H,
FJI,2001,LM,
FIN,2001,H,
FRA,2001,H,
PYF,2001,H,
GAB,2001,UM,
GMB,2001,L,
GEO,2001,L,
DEU,2001,H,
GHA,2001,L,
GIB,2001,..,
GRC,2001,H,
GRL,2001,H,
GRD,2001,UM,
GUM,2001,H,
GTM,2001,LM,
GIN,2001,L,
GNB,2001,L,
GUY,2001,LM,
HTI,2001,L,
HND,2001,LM,
HKG,2001,H,
HUN,2001,UM,
ISL,2001,H,
IND,2001,L,
IDN,2001,L,
IRN,2001,LM,
IRQ,2001,LM,
IRL,2001,H,
IMN,2001,UM,
ISR,2001,H,
ITA,2001,H,
JAM,2001,LM,
JPN,2001,H,
JOR,2001,LM,
KAZ,2001,LM,
KEN,2001,L,
KIR,2001,LM,
PRK,2001,L,
KOR,2001,H,
XKX,2001,..,
KWT,2001,H,
KGZ,2001,L,
LAO,2001,L,
LVA,2001,UM,
LBN,2001,UM,
LSO,2001,L,
LBR,2001,L,
LBY,2001,UM,
LIE,2001,H,
LTU,2001,UM,
LUX,2001,H,
MAC,2001,H,
MDG,2001,L,
MWI,2001,L,
MYS,2001,UM,
MDV,2001,LM,
MLI,2001,L,
MLT,2001,UM,
MHL,2001,LM,
MRT,2001,L,
MUS,2001,UM,
MEX,2001,UM,
FSM,2001,LM,
MDA,2001,L,
MCO,2001,H,
MNG,2001,L,
MNE,2001,..,
MAR,2001,LM,
MOZ,2001,L,
MMR,2001,L,
NAM,2001,LM,
NRU,2001,..,
NPL,2001,L,
NLD,2001,H,
NCL,2001,H,
NZL,2001,H,
NIC,2001,L,
NER,2001,L,
NGA,2001,L,
MKD,2001,LM,
MNP,2001,H,
NOR,2001,H,
OMN,2001,UM,
PAK,2001,L,
PLW,2001,UM,
PAN,2001,UM,
PNG,2001,L,
PRY,2001,LM,
PER,2001,LM,
PHL,2001,LM,
POL,2001,UM,
PRT,2001,H,
PRI,2001,UM,
QAT,2001,H,
ROU,2001,LM,
RUS,2001,LM,
RWA,2001,L,
WSM,2001,LM,
SMR,2001,H,
STP,2001,L,
SAU,2001,UM,
SEN,2001,L,
SRB,2001,..,
SYC,2001,UM,
SLE,2001,L,
SGP,2001,H,
SXM,2001,..,
SVK,2001,UM,
SVN,2001,H,
SLB,2001,L,
SOM,2001,L,
ZAF,2001,LM,
SSD,2001,..,
ESP,2001,H,
LKA,2001,LM,
KNA,2001,UM,
LCA,2001,UM,
MAF,2001,..,
VCT,2001,LM,
SDN,2001,L,
SUR,2001,LM,
SWE,2001,H,
CHE,2001,H,
SYR,2001,LM,
TWN,2001,H,
TJK,2001,L,
TZA,2001,L,
THA,2001,LM,
TLS,2001,L,
TGO,2001,L,
TON,2001,LM,
TTO,2001,UM,
TUN,2001,LM,
TUR,2001,LM,
TKM,2001,LM,
TCA,2001,..,
TUV,2001,..,
UGA,2001,L,
UKR,2001,L,
ARE,2001,H,
GBR,2001,H,
USA,2001,H,
URY,2001,UM,
UZB,2001,L,
VUT,2001,LM,
VEN,2001,UM,
VNM,2001,L,
VIR,2001,H,
PSE,2001,LM,
YEM,2001,L,
ZMB,2001,L,
ZWE,2001,L,
AFG,2002,L,
ALB,2002,LM,
DZA,2002,LM,
ASM,2002,UM,
AND,2002,H,
AGO,2002,L,
ATG,2002,H,
ARG,2002,UM,
ARM,2002,LM,
ABW,2002,H,
AUS,2002,H,
AUT,2002,H,
AZE,2002,L,
BHS,2002,H,
BHR,2002,H,
BGD,2002,L,
BRB,2002,H,
BLR,2002,LM,
BEL,2002,H,
BLZ,2002,UM,
BEN,2002,L,
BMU,2002,H,
BTN,2002,L,
BOL,2002,LM,
BIH,2002,LM,
BWA,2002,UM,
BRA,2002,LM,
VGB,2002,..,
BRN,2002,H,
BGR,2002,LM,
BFA,2002,L,
BDI,2002,L,
CPV,2002,LM,
KHM,2002,L,
CMR,2002,L,
CAN,2002,H,
CYM,2002,H,
CAF,2002,L,
TCD,2002,L,
CHI,2002,H,
CHL,2002,UM,
CHN,2002,LM,
COL,2002,LM,
COM,2002,L,
COD,2002,L,
COG,2002,L,
CRI,2002,UM,
CIV,2002,L,
HRV,2002,UM,
CUB,2002,LM,
CUW,2002,..,
CYP,2002,H,
CZE,2002,UM,
DNK,2002,H,
DJI,2002,LM,
DMA,2002,UM,
DOM,2002,LM,
ECU,2002,LM,
EGY,2002,LM,
SLV,2002,LM,
GNQ,2002,L,
ERI,2002,L,
EST,2002,UM,
SWZ,2002,LM,
ETH,2002,L,
FRO,2002,H,
FJI,2002,LM,
FIN,2002,H,
FRA,2002,H,
PYF,2002,H,
GAB,2002,UM,
GMB,2002,L,
GEO,2002,L,
DEU,2002,H,
GHA,2002,L,
GIB,2002,..,
GRC,2002,H,
GRL,2002,H,
GRD,2002,UM,
GUM,2002,H,
GTM,2002,LM,
GIN,2002,L,
GNB,2002,L,
GUY,2002,LM,
HTI,2002,L,
HND,2002,LM,
HKG,2002,H,
HUN,2002,UM,
ISL,2002,H,
IND,2002,L,
IDN,2002,L,
IRN,2002,LM,
IRQ,2002,LM,
IRL,2002,H,
IMN,2002,H,
ISR,2002,H,
ITA,2002,H,
JAM,2002,LM,
JPN,2002,H,
JOR,2002,LM,
KAZ,2002,LM,
KEN,2002,L,
KIR,2002,LM,
PRK,2002,L,
KOR,2002,H,
XKX,2002,..,
KWT,2002,H,
KGZ,2002,L,
LAO,2002,L,
LVA,2002,UM,
LBN,2002,UM,
LSO,2002,L,
LBR,2002,L,
LBY,2002,UM,
LIE,2002,H,
LTU,2002,UM,
LUX,2002,H,
MAC,2002,H,
MDG,2002,L,
MWI,2002,L,
MYS,2002,UM,
MDV,2002,LM,
MLI,2002,L,
MLT,2002,H,
MHL,2002,LM,
MRT,2002,L,
MUS,2002,UM,
MEX,2002,UM,
FSM,2002,LM,
MDA,2002,L,
MCO,2002,H,
MNG,2002,L,
MNE,2002,..,
MAR,2002,LM,
MOZ,2002,L,
MMR,2002,L,
NAM,2002,LM,
NRU,2002,..,
NPL,2002,L,
NLD,2002,H,
NCL,2002,H,
NZL,2002,H,
NIC,2002,L,
NER,2002,L,
NGA,2002,L,
MKD,2002,LM,
MNP,2002,UM,
NOR,2002,H,
OMN,2002,UM,
PAK,2002,L,
PLW,2002,UM,
PAN,2002,UM,
PNG,2002,L,
PRY,2002,LM,
PER,2002,LM,
PHL,2002,LM,
POL,2002,UM,
PRT,2002,H,
PRI,2002,H,
QAT,2002,H,
ROU,2002,LM,
RUS,2002,LM,
RWA,2002,L,
WSM,2002,LM,
SMR,2002,H,
STP,2002,L,
SAU,2002,UM,
SEN,2002,L,
SRB,2002,..,
SYC,2002,UM,
SLE,2002,L,
SGP,2002,H,
SXM,2002,..,
SVK,2002,UM,
SVN,2002,H,
SLB,2002,L,
SOM,2002,L,
ZAF,2002,LM,
SSD,2002,..,
ESP,2002,H,
LKA,2002,LM,
KNA,2002,UM,
LCA,2002,UM,
MAF,2002,..,
VCT,2002,LM,
SDN,2002,L,
SUR,2002,LM,
SWE,2002,H,
CHE,2002,H,
SYR,2002,LM,
TWN,2002,H,
TJK,2002,L,
TZA,2002,L,
THA,2002,LM,
TLS,2002,L,
TGO,2002,L,
TON,2002,LM,
TTO,2002,UM,
TUN,2002,LM,
TUR,2002,LM,
TKM,2002,LM,
TCA,2002,..,
TUV,2002,..,
UGA,2002,L,
UKR,2002,LM,
ARE,2002,H,
GBR,2002,H,
USA,2002,H,
URY,2002,UM,
UZB,2002,L,
VUT,2002,LM,
VEN,2002,UM,
VNM,2002,L,
VIR,2002,H,
PSE,2002,LM,
YEM,2002,L,
ZMB,2002,L,
ZWE,2002,L,
AFG,2003,L,
ALB,2003,LM,
DZA,2003,LM,
ASM,2003,UM,
AND,2003,H,
AGO,2003,L,
ATG,2003,UM,
ARG,2003,UM,
ARM,2003,LM,
ABW,2003,H,
AUS,2003,H,
AUT,2003,H,
AZE,2003,LM,
BHS,2003,H,
BHR,2003,H,
BGD,2003,L,
BRB,2003,UM,
BLR,2003,LM,
BEL,2003,H,
BLZ,2003,UM,
BEN,2003,L,
BMU,2003,H,
BTN,2003,L,
BOL,2003,LM,
BIH,2003,LM,
BWA,2003,UM,
BRA,2003,LM,
VGB,2003,..,
BRN,2003,H,
BGR,2003,LM,
BFA,2003,L,
BDI,2003,L,
CPV,2003,LM,
KHM,2003,L,
CMR,2003,L,
CAN,2003,H,
CYM,2003,H,
CAF,2003,L,
TCD,2003,L,
CHI,2003,H,
CHL,2003,UM,
CHN,2003,LM,
COL,2003,LM,
COM,2003,L,
COD,2003,L,
COG,2003,L,
CRI,2003,UM,
CIV,2003,L,
HRV,2003,UM,
CUB,2003,LM,
CUW,2003,..,
CYP,2003,H,
CZE,2003,UM,
DNK,2003,H,
DJI,2003,LM,
DMA,2003,UM,
DOM,2003,LM,
ECU,2003,LM,
EGY,2003,LM,
SLV,2003,LM,
GNQ,2003,L,
ERI,2003,L,
EST,2003,UM,
SWZ,2003,LM,
ETH,2003,L,
FRO,2003,H,
FJI,2003,LM,
FIN,2003,H,
FRA,2003,H,
PYF,2003,H,
GAB,2003,UM,
GMB,2003,L,
GEO,2003,LM,
DEU,2003,H,
GHA,2003,L,
GIB,2003,..,
GRC,2003,H,
GRL,2003,H,
GRD,2003,UM,
GUM,2003,H,
GTM,2003,LM,
GIN,2003,L,
GNB,2003,L,
GUY,2003,LM,
HTI,2003,L,
HND,2003,LM,
HKG,2003,H,
HUN,2003,UM,
ISL,2003,H,
IND,2003,L,
IDN,2003,LM,
IRN,2003,LM,
IRQ,2003,LM,
IRL,2003,H,
IMN,2003,H,
ISR,2003,H,
ITA,2003,H,
JAM,2003,LM,
JPN,2003,H,
JOR,2003,LM,
KAZ,2003,LM,
KEN,2003,L,
KIR,2003,LM,
PRK,2003,L,
KOR,2003,H,
XKX,2003,..,
KWT,2003,H,
KGZ,2003,L,
LAO,2003,L,
LVA,2003,UM,
LBN,2003,UM,
LSO,2003,L,
LBR,2003,L,
LBY,2003,UM,
LIE,2003,H,
LTU,2003,UM,
LUX,2003,H,
MAC,2003,H,
MDG,2003,L,
MWI,2003,L,
MYS,2003,UM,
MDV,2003,LM,
MLI,2003,L,
MLT,2003,H,
MHL,2003,LM,
MRT,2003,L,
MUS,2003,UM,
MEX,2003,UM,
FSM,2003,LM,
MDA,2003,L,
MCO,2003,H,
MNG,2003,L,
MNE,2003,..,
MAR,2003,LM,
MOZ,2003,L,
MMR,2003,L,
NAM,2003,LM,
NRU,2003,..,
NPL,2003,L,
NLD,2003,H,
NCL,2003,H,
NZL,2003,H,
NIC,2003,L,
NER,2003,L,
NGA,2003,L,
MKD,2003,LM,
MNP,2003,UM,
NOR,2003,H,
OMN,2003,UM,
PAK,2003,L,
PLW,2003,UM,
PAN,2003,UM,
PNG,2003,L,
PRY,2003,LM,
PER,2003,LM,
PHL,2003,LM,
POL,2003,UM,
PRT,2003,H,
PRI,2003,H,
QAT,2003,H,
ROU,2003,LM,
RUS,2003,LM,
RWA,2003,L,
WSM,2003,LM,
SMR,2003,H,
STP,2003,L,
SAU,2003,UM,
SEN,2003,L,
SRB,2003,..,
SYC,2003,UM,
SLE,2003,L,
SGP,2003,H,
SXM,2003,..,
SVK,2003,UM,
SVN,2003,H,
SLB,2003,L,
SOM,2003,L,
ZAF,2003,LM,
SSD,2003,..,
ESP,2003,H,
LKA,2003,LM,
KNA,2003,UM,
LCA,2003,UM,
MAF,2003,..,
VCT,2003,UM,
SDN,2003,L,
SUR,2003,LM,
SWE,2003,H,
CHE,2003,H,
SYR,2003,LM,
TWN,2003,H,
TJK,2003,L,
TZA,2003,L,
THA,2003,LM,
TLS,2003,L,
TGO,2003,L,
TON,2003,LM,
TTO,2003,UM,
TUN,2003,LM,
TUR,2003,LM,
TKM,2003,LM,
TCA,2003,..,
TUV,2003,..,
UGA,2003,L,
UKR,2003,LM,
ARE,2003,H,
GBR,2003,H,
USA,2003,H,
URY,2003,UM,
UZB,2003,L,
VUT,2003,LM,
VEN,2003,UM,
VNM,2003,L,
VIR,2003,H,
PSE,2003,LM,
YEM,2003,L,
ZMB,2003,L,
ZWE,2003,L,
AFG,2004,L,
ALB,2004,LM,
DZA,2004,LM,
ASM,2004,UM,
AND,2004,H,
AGO,2004,LM,
ATG,2004,UM,
ARG,2004,UM,
ARM,2004,LM,
ABW,2004,H,
AUS,2004,H,
AUT,2004,H,
AZE,2004,LM,
BHS,2004,H,
BHR,2004,H,
BGD,2004,L,
BRB,2004,UM,
BLR,2004,LM,
BEL,2004,H,
BLZ,2004,UM,
BEN,2004,L,
BMU,2004,H,
BTN,2004,L,
BOL,2004,LM,
BIH,2004,LM,
BWA,2004,UM,
BRA,2004,LM,
VGB,2004,..,
BRN,2004,H,
BGR,2004,LM,
BFA,2004,L,
BDI,2004,L,
CPV,2004,LM,
KHM,2004,L,
CMR,2004,L,
CAN,2004,H,
CYM,2004,H,
CAF,2004,L,
TCD,2004,L,
CHI,2004,H,
CHL,2004,UM,
CHN,2004,LM,
COL,2004,LM,
COM,2004,L,
COD,2004,L,
COG,2004,L,
CRI,2004,UM,
CIV,2004,L,
HRV,2004,UM,
CUB,2004,LM,
CUW,2004,..,
CYP,2004,H,
CZE,2004,UM,
DNK,2004,H,
DJI,2004,LM,
DMA,2004,UM,
DOM,2004,LM,
ECU,2004,LM,
EGY,2004,LM,
SLV,2004,LM,
GNQ,2004,UM,
ERI,2004,L,
EST,2004,UM,
SWZ,2004,LM,
ETH,2004,L,
FRO,2004,H,
FJI,2004,LM,
FIN,2004,H,
FRA,2004,H,
PYF,2004,H,
GAB,2004,UM,
GMB,2004,L,
GEO,2004,LM,
DEU,2004,H,
GHA,2004,L,
GIB,2004,..,
GRC,2004,H,
GRL,2004,H,
GRD,2004,UM,
GUM,2004,H,
GTM,2004,LM,
GIN,2004,L,
GNB,2004,L,
GUY,2004,LM,
HTI,2004,L,
HND,2004,LM,
HKG,2004,H,
HUN,2004,UM,
ISL,2004,H,
IND,2004,L,
IDN,2004,LM,
IRN,2004,LM,
IRQ,2004,LM,
IRL,2004,H,
IMN,2004,H,
ISR,2004,H,
ITA,2004,H,
JAM,2004,LM,
JPN,2004,H,
JOR,2004,LM,
KAZ,2004,LM,
KEN,2004,L,
KIR,2004,LM,
PRK,2004,L,
KOR,2004,H,
XKX,2004,..,
KWT,2004,H,
KGZ,2004,L,
LAO,2004,L,
LVA,2004,UM,
LBN,2004,UM,
LSO,2004,L,
LBR,2004,L,
LBY,2004,UM,
LIE,2004,H,
LTU,2004,UM,
LUX,2004,H,
MAC,2004,H,
MDG,2004,L,
MWI,2004,L,
MYS,2004,UM,
MDV,2004,LM,
MLI,2004,L,
MLT,2004,H,
MHL,2004,LM,
MRT,2004,L,
MUS,2004,UM,
MEX,2004,UM,
FSM,2004,LM,
MDA,2004,L,
MCO,2004,H,
MNG,2004,L,
MNE,2004,..,
MAR,2004,LM,
MOZ,2004,L,
MMR,2004,L,
NAM,2004,LM,
NRU,2004,..,
NPL,2004,L,
NLD,2004,H,
NCL,2004,H,
NZL,2004,H,
NIC,2004,L,
NER,2004,L,
NGA,2004,L,
MKD,2004,LM,
MNP,2004,UM,
NOR,2004,H,
OMN,2004,UM,
PAK,2004,L,
PLW,2004,UM,
PAN,2004,UM,
PNG,2004,L,
PRY,2004,LM,
PER,2004,LM,
PHL,2004,LM,
POL,2004,UM,
PRT,2004,H,
PRI,2004,H,
QAT,2004,H,
ROU,2004,LM,
RUS,2004,UM,
RWA,2004,L,
WSM,2004,LM,
SMR,2004,H,
STP,2004,L,
SAU,2004,H,
SEN,2004,L,
SRB,2004,..,
SYC,2004,UM,
SLE,2004,L,
SGP,2004,H,
SXM,2004,..,
SVK,2004,UM,
SVN,2004,H,
SLB,2004,L,
SOM,2004,L,
ZAF,2004,UM,
SSD,2004,..,
ESP,2004,H,
LKA,2004,LM,
KNA,2004,UM,
LCA,2004,UM,
MAF,2004,..,
VCT,2004,UM,
SDN,2004,L,
SUR,2004,LM,
SWE,2004,H,
CHE,2004,H,
SYR,2004,LM,
TWN,2004,H,
TJK,2004,L,
TZA,2004,L,
THA,2004,LM,
TLS,2004,L,
TGO,2004,L,
TON,2004,LM,
TTO,2004,UM,
TUN,2004,LM,
TUR,2004,UM,
TKM,2004,LM,
TCA,2004,..,
TUV,2004,..,
UGA,2004,L,
UKR,2004,LM,
ARE,2004,H,
GBR,2004,H,
USA,2004,H,
URY,2004,UM,
UZB,2004,L,
VUT,2004,LM,
VEN,2004,UM,
VNM,2004,L,
VIR,2004,H,
PSE,2004,LM,
YEM,2004,L,
ZMB,2004,L,
ZWE,2004,L,
AFG,2005,L,
ALB,2005,LM,
DZA,2005,LM,
ASM,2005,UM,
AND,2005,H,
AGO,2005,LM,
ATG,2005,H,
ARG,2005,UM,
ARM,2005,LM,
ABW,2005,H,
AUS,2005,H,
AUT,2005,H,
AZE,2005,LM,
BHS,2005,H,
BHR,2005,H,
BGD,2005,L,
BRB,2005,UM,
BLR,2005,LM,
BEL,2005,H,
BLZ,2005,UM,
BEN,2005,L,
BMU,2005,H,
BTN,2005,L,
BOL,2005,LM,
BIH,2005,LM,
BWA,2005,UM,
BRA,2005,LM,
VGB,2005,..,
BRN,2005,H,
BGR,2005,LM,
BFA,2005,L,
BDI,2005,L,
CPV,2005,LM,
KHM,2005,L,
CMR,2005,LM,
CAN,2005,H,
CYM,2005,H,
CAF,2005,L,
TCD,2005,L,
CHI,2005,H,
CHL,2005,UM,
CHN,2005,LM,
COL,2005,LM,
COM,2005,L,
COD,2005,L,
COG,2005,LM,
CRI,2005,UM,
CIV,2005,L,
HRV,2005,UM,
CUB,2005,LM,
CUW,2005,..,
CYP,2005,H,
CZE,2005,UM,
DNK,2005,H,
DJI,2005,LM,
DMA,2005,UM,
DOM,2005,LM,
ECU,2005,LM,
EGY,2005,LM,
SLV,2005,LM,
GNQ,2005,UM,
ERI,2005,L,
EST,2005,UM,
SWZ,2005,LM,
ETH,2005,L,
FRO,2005,H,
FJI,2005,LM,
FIN,2005,H,
FRA,2005,H,
PYF,2005,H,
GAB,2005,UM,
GMB,2005,L,
GEO,2005,LM,
DEU,2005,H,
GHA,2005,L,
GIB,2005,..,
GRC,2005,H,
GRL,2005,H,
GRD,2005,UM,
GUM,2005,H,
GTM,2005,LM,
GIN,2005,L,
GNB,2005,L,
GUY,2005,LM,
HTI,2005,L,
HND,2005,LM,
HKG,2005,H,
HUN,2005,UM,
ISL,2005,H,
IND,2005,L,
IDN,2005,LM,
IRN,2005,LM,
IRQ,2005,LM,
IRL,2005,H,
IMN,2005,H,
ISR,2005,H,
ITA,2005,H,
JAM,2005,LM,
JPN,2005,H,
JOR,2005,LM,
KAZ,2005,LM,
KEN,2005,L,
KIR,2005,LM,
PRK,2005,L,
KOR,2005,H,
XKX,2005,..,
KWT,2005,H,
KGZ,2005,L,
LAO,2005,L,
LVA,2005,UM,
LBN,2005,UM,
LSO,2005,LM,
LBR,2005,L,
LBY,2005,UM,
LIE,2005,H,
LTU,2005,UM,
LUX,2005,H,
MAC,2005,H,
MDG,2005,L,
MWI,2005,L,
MYS,2005,UM,
MDV,2005,LM,
MLI,2005,L,
MLT,2005,H,
MHL,2005,LM,
MRT,2005,L,
MUS,2005,UM,
MEX,2005,UM,
FSM,2005,LM,
MDA,2005,LM,
MCO,2005,H,
MNG,2005,L,
MNE,2005,..,
MAR,2005,LM,
MOZ,2005,L,
MMR,2005,L,
NAM,2005,LM,
NRU,2005,..,
NPL,2005,L,
NLD,2005,H,
NCL,2005,H,
NZL,2005,H,
NIC,2005,LM,
NER,2005,L,
NGA,2005,L,
MKD,2005,LM,
MNP,2005,UM,
NOR,2005,H,
OMN,2005,UM,
PAK,2005,L,
PLW,2005,UM,
PAN,2005,UM,
PNG,2005,L,
PRY,2005,LM,
PER,2005,LM,
PHL,2005,LM,
POL,2005,UM,
PRT,2005,H,
PRI,2005,H,
QAT,2005,H,
ROU,2005,UM,
RUS,2005,UM,
RWA,2005,L,
WSM,2005,LM,
SMR,2005,H,
STP,2005,L,
SAU,2005,H,
SEN,2005,L,
SRB,2005,..,
SYC,2005,UM,
SLE,2005,L,
SGP,2005,H,
SXM,2005,..,
SVK,2005,UM,
SVN,2005,H,
SLB,2005,L,
SOM,2005,L,
ZAF,2005,UM,
SSD,2005,..,
ESP,2005,H,
LKA,2005,LM,
KNA,2005,UM,
LCA,2005,UM,
MAF,2005,..,
VCT,2005,UM,
SDN,2005,L,
SUR,2005,LM,
SWE,2005,H,
CHE,2005,H,
SYR,2005,LM,
TWN,2005,H,
TJK,2005,L,
TZA,2005,L,
THA,2005,LM,
TLS,2005,L,
TGO,2005,L,
TON,2005,LM,
TTO,2005,UM,
TUN,2005,LM,
TUR,2005,UM,
TKM,2005,LM,
TCA,2005,..,
TUV,2005,..,
UGA,2005,L,
UKR,2005,LM,
ARE,2005,H,
GBR,2005,H,
USA,2005,H,
URY,2005,UM,
UZB,2005,L,
VUT,2005,LM,
VEN,2005,UM,
VNM,2005,L,
VIR,2005,H,
PSE,2005,LM,
YEM,2005,L,
ZMB,2005,L,
ZWE,2005,L,
AFG,2006,L,
ALB,2006,LM,
DZA,2006,LM,
ASM,2006,UM,
AND,2006,H,
AGO,2006,LM,
ATG,2006,H,
ARG,2006,UM,
ARM,2006,LM,
ABW,2006,H,
AUS,2006,H,
AUT,2006,H,
AZE,2006,LM,
BHS,2006,H,
BHR,2006,H,
BGD,2006,L,
BRB,2006,H,
BLR,2006,LM,
BEL,2006,H,
BLZ,2006,UM,
BEN,2006,L,
BMU,2006,H,
BTN,2006,LM,
BOL,2006,LM,
BIH,2006,LM,
BWA,2006,UM,
BRA,2006,UM,
VGB,2006,..,
BRN,2006,H,
BGR,2006,UM,
BFA,2006,L,
BDI,2006,L,
CPV,2006,LM,
KHM,2006,L,
CMR,2006,LM,
CAN,2006,H,
CYM,2006,H,
CAF,2006,L,
TCD,2006,L,
CHI,2006,H,
CHL,2006,UM,
CHN,2006,LM,
COL,2006,LM,
COM,2006,L,
COD,2006,L,
COG,2006,LM,
CRI,2006,UM,
CIV,2006,L,
HRV,2006,UM,
CUB,2006,LM,
CUW,2006,..,
CYP,2006,H,
CZE,2006,H,
DNK,2006,H,
DJI,2006,LM,
DMA,2006,UM,
DOM,2006,LM,
ECU,2006,LM,
EGY,2006,LM,
SLV,2006,LM,
GNQ,2006,UM,
ERI,2006,L,
EST,2006,H,
SWZ,2006,LM,
ETH,2006,L,
FRO,2006,H,
FJI,2006,LM,
FIN,2006,H,
FRA,2006,H,
PYF,2006,H,
GAB,2006,UM,
GMB,2006,L,
GEO,2006,LM,
DEU,2006,H,
GHA,2006,L,
GIB,2006,..,
GRC,2006,H,
GRL,2006,H,
GRD,2006,UM,
GUM,2006,H,
GTM,2006,LM,
GIN,2006,L,
GNB,2006,L,
GUY,2006,LM,
HTI,2006,L,
HND,2006,LM,
HKG,2006,H,
HUN,2006,UM,
ISL,2006,H,
IND,2006,L,
IDN,2006,LM,
IRN,2006,LM,
IRQ,2006,LM,
IRL,2006,H,
IMN,2006,H,
ISR,2006,H,
ITA,2006,H,
JAM,2006,LM,
JPN,2006,H,
JOR,2006,LM,
KAZ,2006,UM,
KEN,2006,L,
KIR,2006,LM,
PRK,2006,L,
KOR,2006,H,
XKX,2006,..,
KWT,2006,H,
KGZ,2006,L,
LAO,2006,L,
LVA,2006,UM,
LBN,2006,UM,
LSO,2006,LM,
LBR,2006,L,
LBY,2006,UM,
LIE,2006,H,
LTU,2006,UM,
LUX,2006,H,
MAC,2006,H,
MDG,2006,L,
MWI,2006,L,
MYS,2006,UM,
MDV,2006,LM,
MLI,2006,L,
MLT,2006,H,
MHL,2006,LM,
MRT,2006,L,
MUS,2006,UM,
MEX,2006,UM,
FSM,2006,LM,
MDA,2006,LM,
MCO,2006,H,
MNG,2006,L,
MNE,2006,UM,
MAR,2006,LM,
MOZ,2006,L,
MMR,2006,L,
NAM,2006,LM,
NRU,2006,..,
NPL,2006,L,
NLD,2006,H,
NCL,2006,H,
NZL,2006,H,
NIC,2006,LM,
NER,2006,L,
NGA,2006,L,
MKD,2006,LM,
MNP,2006,UM,
NOR,2006,H,
OMN,2006,UM,
PAK,2006,L,
PLW,2006,UM,
PAN,2006,UM,
PNG,2006,L,
PRY,2006,LM,
PER,2006,LM,
PHL,2006,LM,
POL,2006,UM,
PRT,2006,H,
PRI,2006,H,
QAT,2006,H,
ROU,2006,UM,
RUS,2006,UM,
RWA,2006,L,
WSM,2006,LM,
SMR,2006,H,
STP,2006,L,
SAU,2006,H,
SEN,2006,L,
SRB,2006,UM,
SYC,2006,UM,
SLE,2006,L,
SGP,2006,H,
SXM,2006,..,
SVK,2006,UM,
SVN,2006,H,
SLB,2006,L,
SOM,2006,L,
ZAF,2006,UM,
SSD,2006,..,
ESP,2006,H,
LKA,2006,LM,
KNA,2006,UM,
LCA,2006,UM,
MAF,2006,..,
VCT,2006,UM,
SDN,2006,L,
SUR,2006,LM,
SWE,2006,H,
CHE,2006,H,
SYR,2006,LM,
TWN,2006,H,
TJK,2006,L,
TZA,2006,L,
THA,2006,LM,
TLS,2006,L,
TGO,2006,L,
TON,2006,LM,
TTO,2006,H,
TUN,2006,LM,
TUR,2006,UM,
TKM,2006,LM,
TCA,2006,..,
TUV,2006,..,
UGA,2006,L,
UKR,2006,LM,
ARE,2006,H,
GBR,2006,H,
USA,2006,H,
URY,2006,UM,
UZB,2006,L,
VUT,2006,LM,
VEN,2006,UM,
VNM,2006,L,
VIR,2006,H,
PSE,2006,LM,
YEM,2006,L,
ZMB,2006,L,
ZWE,2006,L,
AFG,2007,L,
ALB,2007,LM,
DZA,2007,LM,
ASM,2007,UM,
AND,2007,H,
AGO,2007,LM,
ATG,2007,H,
ARG,2007,UM,
ARM,2007,LM,
ABW,2007,H,
AUS,2007,H,
AUT,2007,H,
AZE,2007,LM,
BHS,2007,H,
BHR,2007,H,
BGD,2007,L,
BRB,2007,H,
BLR,2007,UM,
BEL,2007,H,
BLZ,2007,UM,
BEN,2007,L,
BMU,2007,H,
BTN,2007,LM,
BOL,2007,LM,
BIH,2007,LM,
BWA,2007,UM,
BRA,2007,UM,
VGB,2007,..,
BRN,2007,H,
BGR,2007,UM,
BFA,2007,L,
BDI,2007,L,
CPV,2007,LM,
KHM,2007,L,
CMR,2007,LM,
CAN,2007,H,
CYM,2007,H,
CAF,2007,L,
TCD,2007,L,
CHI,2007,H,
CHL,2007,UM,
CHN,2007,LM,
COL,2007,LM,
COM,2007,L,
COD,2007,L,
COG,2007,LM,
CRI,2007,UM,
CIV,2007,L,
HRV,2007,UM,
CUB,2007,UM,
CUW,2007,..,
CYP,2007,H,
CZE,2007,H,
DNK,2007,H,
DJI,2007,LM,
DMA,2007,UM,
DOM,2007,LM,
ECU,2007,LM,
EGY,2007,LM,
SLV,2007,LM,
GNQ,2007,H,
ERI,2007,L,
EST,2007,H,
SWZ,2007,LM,
ETH,2007,L,
FRO,2007,H,
FJI,2007,UM,
FIN,2007,H,
FRA,2007,H,
PYF,2007,H,
GAB,2007,UM,
GMB,2007,L,
GEO,2007,LM,
DEU,2007,H,
GHA,2007,L,
GIB,2007,..,
GRC,2007,H,
GRL,2007,H,
GRD,2007,UM,
GUM,2007,H,
GTM,2007,LM,
GIN,2007,L,
GNB,2007,L,
GUY,2007,LM,
HTI,2007,L,
HND,2007,LM,
HKG,2007,H,
HUN,2007,H,
ISL,2007,H,
IND,2007,LM,
IDN,2007,LM,
IRN,2007,LM,
IRQ,2007,LM,
IRL,2007,H,
IMN,2007,H,
ISR,2007,H,
ITA,2007,H,
JAM,2007,UM,
JPN,2007,H,
JOR,2007,LM,
KAZ,2007,UM,
KEN,2007,L,
KIR,2007,LM,
PRK,2007,L,
KOR,2007,H,
XKX,2007,..,
KWT,2007,H,
KGZ,2007,L,
LAO,2007,L,
LVA,2007,UM,
LBN,2007,UM,
LSO,2007,LM,
LBR,2007,L,
LBY,2007,UM,
LIE,2007,H,
LTU,2007,UM,
LUX,2007,H,
MAC,2007,H,
MDG,2007,L,
MWI,2007,L,
MYS,2007,UM,
MDV,2007,LM,
MLI,2007,L,
MLT,2007,H,
MHL,2007,LM,
MRT,2007,L,
MUS,2007,UM,
MEX,2007,UM,
FSM,2007,LM,
MDA,2007,LM,
MCO,2007,H,
MNG,2007,LM,
MNE,2007,UM,
MAR,2007,LM,
MOZ,2007,L,
MMR,2007,L,
NAM,2007,LM,
NRU,2007,..,
NPL,2007,L,
NLD,2007,H,
NCL,2007,H,
NZL,2007,H,
NIC,2007,LM,
NER,2007,L,
NGA,2007,L,
MKD,2007,LM,
MNP,2007,H,
NOR,2007,H,
OMN,2007,H,
PAK,2007,L,
PLW,2007,UM,
PAN,2007,UM,
PNG,2007,L,
PRY,2007,LM,
PER,2007,LM,
PHL,2007,LM,
POL,2007,UM,
PRT,2007,H,
PRI,2007,H,
QAT,2007,H,
ROU,2007,UM,
RUS,2007,UM,
RWA,2007,L,
WSM,2007,LM,
SMR,2007,H,
STP,2007,L,
SAU,2007,H,
SEN,2007,L,
SRB,2007,UM,
SYC,2007,UM,
SLE,2007,L,
SGP,2007,H,
SXM,2007,..,
SVK,2007,H,
SVN,2007,H,
SLB,2007,L,
SOM,2007,L,
ZAF,2007,UM,
SSD,2007,..,
ESP,2007,H,
LKA,2007,LM,
KNA,2007,UM,
LCA,2007,UM,
MAF,2007,..,
VCT,2007,UM,
SDN,2007,LM,
SUR,2007,UM,
SWE,2007,H,
CHE,2007,H,
SYR,2007,LM,
TWN,2007,H,
TJK,2007,L,
TZA,2007,L,
THA,2007,LM,
TLS,2007,LM,
TGO,2007,L,
TON,2007,LM,
TTO,2007,H,
TUN,2007,LM,
TUR,2007,UM,
TKM,2007,LM,
TCA,2007,..,
TUV,2007,..,
UGA,2007,L,
UKR,2007,LM,
ARE,2007,H,
GBR,2007,H,
USA,2007,H,
URY,2007,UM,
UZB,2007,L,
VUT,2007,LM,
VEN,2007,UM,
VNM,2007,L,
VIR,2007,H,
PSE,2007,LM,
YEM,2007,L,
ZMB,2007,L,
ZWE,2007,L,
AFG,2008,L,
ALB,2008,LM,
DZA,2008,UM,
ASM,2008,UM,
AND,2008,H,
AGO,2008,LM,
ATG,2008,H,
ARG,2008,UM,
ARM,2008,LM,
ABW,2008,H,
AUS,2008,H,
AUT,2008,H,
AZE,2008,LM,
BHS,2008,H,
BHR,2008,H,
BGD,2008,L,
BRB,2008,H,
BLR,2008,UM,
BEL,2008,H,
BLZ,2008,LM,
BEN,2008,L,
BMU,2008,H,
BTN,2008,LM,
BOL,2008,LM,
BIH,2008,UM,
BWA,2008,UM,
BRA,2008,UM,
VGB,2008,..,
BRN,2008,H,
BGR,2008,UM,
BFA,2008,L,
BDI,2008,L,
CPV,2008,LM,
KHM,2008,L,
CMR,2008,LM,
CAN,2008,H,
CYM,2008,H,
CAF,2008,L,
TCD,2008,L,
CHI,2008,H,
CHL,2008,UM,
CHN,2008,LM,
COL,2008,UM,
COM,2008,L,
COD,2008,L,
COG,2008,LM,
CRI,2008,UM,
CIV,2008,LM,
HRV,2008,H,
CUB,2008,UM,
CUW,2008,..,
CYP,2008,H,
CZE,2008,H,
DNK,2008,H,
DJI,2008,LM,
DMA,2008,UM,
DOM,2008,UM,
ECU,2008,LM,
EGY,2008,LM,
SLV,2008,LM,
GNQ,2008,H,
ERI,2008,L,
EST,2008,H,
SWZ,2008,LM,
ETH,2008,L,
FRO,2008,H,
FJI,2008,UM,
FIN,2008,H,
FRA,2008,H,
PYF,2008,H,
GAB,2008,UM,
GMB,2008,L,
GEO,2008,LM,
DEU,2008,H,
GHA,2008,L,
GIB,2008,..,
GRC,2008,H,
GRL,2008,H,
GRD,2008,UM,
GUM,2008,H,
GTM,2008,LM,
GIN,2008,L,
GNB,2008,L,
GUY,2008,LM,
HTI,2008,L,
HND,2008,LM,
HKG,2008,H,
HUN,2008,H,
ISL,2008,H,
IND,2008,LM,
IDN,2008,LM,
IRN,2008,LM,
IRQ,2008,LM,
IRL,2008,H,
IMN,2008,H,
ISR,2008,H,
ITA,2008,H,
JAM,2008,UM,
JPN,2008,H,
JOR,2008,LM,
KAZ,2008,UM,
KEN,2008,L,
KIR,2008,LM,
PRK,2008,L,
KOR,2008,H,
XKX,2008,LM,
KWT,2008,H,
KGZ,2008,L,
LAO,2008,L,
LVA,2008,UM,
LBN,2008,UM,
LSO,2008,LM,
LBR,2008,L,
LBY,2008,UM,
LIE,2008,H,
LTU,2008,UM,
LUX,2008,H,
MAC,2008,H,
MDG,2008,L,
MWI,2008,L,
MYS,2008,UM,
MDV,2008,LM,
MLI,2008,L,
MLT,2008,H,
MHL,2008,LM,
MRT,2008,L,
MUS,2008,UM,
MEX,2008,UM,
FSM,2008,LM,
MDA,2008,LM,
MCO,2008,H,
MNG,2008,LM,
MNE,2008,UM,
MAR,2008,LM,
MOZ,2008,L,
MMR,2008,L,
NAM,2008,UM,
NRU,2008,..,
NPL,2008,L,
NLD,2008,H,
NCL,2008,H,
NZL,2008,H,
NIC,2008,LM,
NER,2008,L,
NGA,2008,LM,
MKD,2008,UM,
MNP,2008,H,
NOR,2008,H,
OMN,2008,H,
PAK,2008,LM,
PLW,2008,UM,
PAN,2008,UM,
PNG,2008,LM,
PRY,2008,LM,
PER,2008,UM,
PHL,2008,LM,
POL,2008,UM,
PRT,2008,H,
PRI,2008,H,
QAT,2008,H,
ROU,2008,UM,
RUS,2008,UM,
RWA,2008,L,
WSM,2008,LM,
SMR,2008,H,
STP,2008,LM,
SAU,2008,H,
SEN,2008,L,
SRB,2008,UM,
SYC,2008,UM,
SLE,2008,L,
SGP,2008,H,
SXM,2008,..,
SVK,2008,H,
SVN,2008,H,
SLB,2008,LM,
SOM,2008,L,
ZAF,2008,UM,
SSD,2008,..,
ESP,2008,H,
LKA,2008,LM,
KNA,2008,UM,
LCA,2008,UM,
MAF,2008,..,
VCT,2008,UM,
SDN,2008,LM,
SUR,2008,UM,
SWE,2008,H,
CHE,2008,H,
SYR,2008,LM,
TWN,2008,H,
TJK,2008,L,
TZA,2008,L,
THA,2008,LM,
TLS,2008,LM,
TGO,2008,L,
TON,2008,LM,
TTO,2008,H,
TUN,2008,LM,
TUR,2008,UM,
TKM,2008,LM,
TCA,2008,..,
TUV,2008,..,
UGA,2008,L,
UKR,2008,LM,
ARE,2008,H,
GBR,2008,H,
USA,2008,H,
URY,2008,UM,
UZB,2008,L,
VUT,2008,LM,
VEN,2008,UM,
VNM,2008,L,
VIR,2008,H,
PSE,2008,LM,
YEM,2008,L,
ZMB,2008,L,
ZWE,2008,L,
AFG,2009,L,
ALB,2009,UM,
DZA,2009,UM,
ASM,2009,UM,
AND,2009,H,
AGO,2009,LM,
ATG,2009,UM,
ARG,2009,UM,
ARM,2009,LM,
ABW,2009,H,
AUS,2009,H,
AUT,2009,H,
AZE,2009,UM,
BHS,2009,H,
BHR,2009,H,
BGD,2009,L,
BRB,2009,H,
BLR,2009,UM,
BEL,2009,H,
BLZ,2009,LM,
BEN,2009,L,
BMU,2009,H,
BTN,2009,LM,
BOL,2009,LM,
BIH,2009,UM,
BWA,2009,UM,
BRA,2009,UM,
VGB,2009,..,
BRN,2009,H,
BGR,2009,UM,
BFA,2009,L,
BDI,2009,L,
CPV,2009,LM,
KHM,2009,L,
CMR,2009,LM,
CAN,2009,H,
CYM,2009,H,
CAF,2009,L,
TCD,2009,L,
CHI,2009,H,
CHL,2009,UM,
CHN,2009,LM,
COL,2009,UM,
COM,2009,L,
COD,2009,L,
COG,2009,LM,
CRI,2009,UM,
CIV,2009,LM,
HRV,2009,H,
CUB,2009,UM,
CUW,2009,..,
CYP,2009,H,
CZE,2009,H,
DNK,2009,H,
DJI,2009,LM,
DMA,2009,UM,
DOM,2009,UM,
ECU,2009,LM,
EGY,2009,LM,
SLV,2009,LM,
GNQ,2009,H,
ERI,2009,L,
EST,2009,H,
SWZ,2009,LM,
ETH,2009,L,
FRO,2009,H,
FJI,2009,UM,
FIN,2009,H,
FRA,2009,H,
PYF,2009,H,
GAB,2009,UM,
GMB,2009,L,
GEO,2009,LM,
DEU,2009,H,
GHA,2009,L,
GIB,2009,H,
GRC,2009,H,
GRL,2009,H,
GRD,2009,UM,
GUM,2009,H,
GTM,2009,LM,
GIN,2009,L,
GNB,2009,L,
GUY,2009,LM,
HTI,2009,L,
HND,2009,LM,
HKG,2009,H,
HUN,2009,H,
ISL,2009,H,
IND,2009,LM,
IDN,2009,LM,
IRN,2009,UM,
IRQ,2009,LM,
IRL,2009,H,
IMN,2009,H,
ISR,2009,H,
ITA,2009,H,
JAM,2009,UM,
JPN,2009,H,
JOR,2009,LM,
KAZ,2009,UM,
KEN,2009,L,
KIR,2009,LM,
PRK,2009,L,
KOR,2009,H,
XKX,2009,LM,
KWT,2009,H,
KGZ,2009,L,
LAO,2009,L,
LVA,2009,H,
LBN,2009,UM,
LSO,2009,LM,
LBR,2009,L,
LBY,2009,UM,
LIE,2009,H,
LTU,2009,UM,
LUX,2009,H,
MAC,2009,H,
MDG,2009,L,
MWI,2009,L,
MYS,2009,UM,
MDV,2009,LM,
MLI,2009,L,
MLT,2009,H,
MHL,2009,LM,
MRT,2009,L,
MUS,2009,UM,
MEX,2009,UM,
FSM,2009,LM,
MDA,2009,LM,
MCO,2009,H,
MNG,2009,LM,
MNE,2009,UM,
MAR,2009,LM,
MOZ,2009,L,
MMR,2009,L,
NAM,2009,UM,
NRU,2009,..,
NPL,2009,L,
NLD,2009,H,
NCL,2009,H,
NZL,2009,H,
NIC,2009,LM,
NER,2009,L,
NGA,2009,LM,
MKD,2009,UM,
MNP,2009,H,
NOR,2009,H,
OMN,2009,H,
PAK,2009,LM,
PLW,2009,UM,
PAN,2009,UM,
PNG,2009,LM,
PRY,2009,LM,
PER,2009,UM,
PHL,2009,LM,
POL,2009,H,
PRT,2009,H,
PRI,2009,H,
QAT,2009,H,
ROU,2009,UM,
RUS,2009,UM,
RWA,2009,L,
WSM,2009,LM,
SMR,2009,H,
STP,2009,LM,
SAU,2009,H,
SEN,2009,LM,
SRB,2009,UM,
SYC,2009,UM,
SLE,2009,L,
SGP,2009,H,
SXM,2009,..,
SVK,2009,H,
SVN,2009,H,
SLB,2009,L,
SOM,2009,L,
ZAF,2009,UM,
SSD,2009,..,
ESP,2009,H,
LKA,2009,LM,
KNA,2009,UM,
LCA,2009,UM,
MAF,2009,..,
VCT,2009,UM,
SDN,2009,LM,
SUR,2009,UM,
SWE,2009,H,
CHE,2009,H,
SYR,2009,LM,
TWN,2009,H,
TJK,2009,L,
TZA,2009,L,
THA,2009,LM,
TLS,2009,LM,
TGO,2009,L,
TON,2009,LM,
TTO,2009,H,
TUN,2009,LM,
TUR,2009,UM,
TKM,2009,LM,
TCA,2009,H,
TUV,2009,LM,
UGA,2009,L,
UKR,2009,LM,
ARE,2009,H,
GBR,2009,H,
USA,2009,H,
URY,2009,UM,
UZB,2009,LM,
VUT,2009,LM,
VEN,2009,UM,
VNM,2009,LM,
VIR,2009,H,
PSE,2009,LM,
YEM,2009,LM,
ZMB,2009,L,
ZWE,2009,L,
AFG,2010,L,
ALB,2010,UM,
DZA,2010,UM,
ASM,2010,UM,
AND,2010,H,
AGO,2010,LM,
ATG,2010,UM,
ARG,2010,UM,
ARM,2010,LM,
ABW,2010,H,
AUS,2010,H,
AUT,2010,H,
AZE,2010,UM,
BHS,2010,H,
BHR,2010,H,
BGD,2010,L,
BRB,2010,H,
BLR,2010,UM,
BEL,2010,H,
BLZ,2010,LM,
BEN,2010,L,
BMU,2010,H,
BTN,2010,LM,
BOL,2010,LM,
BIH,2010,UM,
BWA,2010,UM,
BRA,2010,UM,
VGB,2010,..,
BRN,2010,H,
BGR,2010,UM,
BFA,2010,L,
BDI,2010,L,
CPV,2010,LM,
KHM,2010,L,
CMR,2010,LM,
CAN,2010,H,
CYM,2010,H,
CAF,2010,L,
TCD,2010,L,
CHI,2010,H,
CHL,2010,UM,
CHN,2010,UM,
COL,2010,UM,
COM,2010,L,
COD,2010,L,
COG,2010,LM,
CRI,2010,UM,
CIV,2010,LM,
HRV,2010,H,
CUB,2010,UM,
CUW,2010,H,
CYP,2010,H,
CZE,2010,H,
DNK,2010,H,
DJI,2010,LM,
DMA,2010,UM,
DOM,2010,UM,
ECU,2010,UM,
EGY,2010,LM,
SLV,2010,LM,
GNQ,2010,H,
ERI,2010,L,
EST,2010,H,
SWZ,2010,LM,
ETH,2010,L,
FRO,2010,H,
FJI,2010,LM,
FIN,2010,H,
FRA,2010,H,
PYF,2010,H,
GAB,2010,UM,
GMB,2010,L,
GEO,2010,LM,
DEU,2010,H,
GHA,2010,LM,
GIB,2010,H,
GRC,2010,H,
GRL,2010,H,
GRD,2010,UM,
GUM,2010,H,
GTM,2010,LM,
GIN,2010,L,
GNB,2010,L,
GUY,2010,LM,
HTI,2010,L,
HND,2010,LM,
HKG,2010,H,
HUN,2010,H,
ISL,2010,H,
IND,2010,LM,
IDN,2010,LM,
IRN,2010,UM,
IRQ,2010,LM,
IRL,2010,H,
IMN,2010,H,
ISR,2010,H,
ITA,2010,H,
JAM,2010,UM,
JPN,2010,H,
JOR,2010,UM,
KAZ,2010,UM,
KEN,2010,L,
KIR,2010,LM,
PRK,2010,L,
KOR,2010,H,
XKX,2010,LM,
KWT,2010,H,
KGZ,2010,L,
LAO,2010,LM,
LVA,2010,UM,
LBN,2010,UM,
LSO,2010,LM,
LBR,2010,L,
LBY,2010,UM,
LIE,2010,H,
LTU,2010,UM,
LUX,2010,H,
MAC,2010,H,
MDG,2010,L,
MWI,2010,L,
MYS,2010,UM,
MDV,2010,UM,
MLI,2010,L,
MLT,2010,H,
MHL,2010,LM,
MRT,2010,LM,
MUS,2010,UM,
MEX,2010,UM,
FSM,2010,LM,
MDA,2010,LM,
MCO,2010,H,
MNG,2010,LM,
MNE,2010,UM,
MAR,2010,LM,
MOZ,2010,L,
MMR,2010,L,
NAM,2010,UM,
NRU,2010,..,
NPL,2010,L,
NLD,2010,H,
NCL,2010,H,
NZL,2010,H,
NIC,2010,LM,
NER,2010,L,
NGA,2010,LM,
MKD,2010,UM,
MNP,2010,H,
NOR,2010,H,
OMN,2010,H,
PAK,2010,LM,
PLW,2010,UM,
PAN,2010,UM,
PNG,2010,LM,
PRY,2010,LM,
PER,2010,UM,
PHL,2010,LM,
POL,2010,H,
PRT,2010,H,
PRI,2010,H,
QAT,2010,H,
ROU,2010,UM,
RUS,2010,UM,
RWA,2010,L,
WSM,2010,LM,
SMR,2010,H,
STP,2010,LM,
SAU,2010,H,
SEN,2010,LM,
SRB,2010,UM,
SYC,2010,UM,
SLE,2010,L,
SGP,2010,H,
SXM,2010,H,
SVK,2010,H,
SVN,2010,H,
SLB,2010,LM,
SOM,2010,L,
ZAF,2010,UM,
SSD,2010,..,
ESP,2010,H,
LKA,2010,LM,
KNA,2010,UM,
LCA,2010,UM,
MAF,2010,H,
VCT,2010,UM,
SDN,2010,LM,
SUR,2010,UM,
SWE,2010,H,
CHE,2010,H,
SYR,2010,LM,
TWN,2010,H,
TJK,2010,L,
TZA,2010,L,
THA,2010,UM,
TLS,2010,LM,
TGO,2010,L,
TON,2010,LM,
TTO,2010,H,
TUN,2010,UM,
TUR,2010,UM,
TKM,2010,LM,
TCA,2010,H,
TUV,2010,LM,
UGA,2010,L,
UKR,2010,LM,
ARE,2010,H,
GBR,2010,H,
USA,2010,H,
URY,2010,UM,
UZB,2010,LM,
VUT,2010,LM,
VEN,2010,UM,
VNM,2010,LM,
VIR,2010,H,
PSE,2010,LM,
YEM,2010,LM,
ZMB,2010,LM,
ZWE,2010,L,
AFG,2011,L,
ALB,2011,LM,
DZA,2011,UM,
ASM,2011,UM,
AND,2011,H,
AGO,2011,UM,
ATG,2011,UM,
ARG,2011,UM,
ARM,2011,LM,
ABW,2011,H,
AUS,2011,H,
AUT,2011,H,
AZE,2011,UM,
BHS,2011,H,
BHR,2011,H,
BGD,2011,L,
BRB,2011,H,
BLR,2011,UM,
BEL,2011,H,
BLZ,2011,LM,
BEN,2011,L,
BMU,2011,H,
BTN,2011,LM,
BOL,2011,LM,
BIH,2011,UM,
BWA,2011,UM,
BRA,2011,UM,
VGB,2011,..,
BRN,2011,H,
BGR,2011,UM,
BFA,2011,L,
BDI,2011,L,
CPV,2011,LM,
KHM,2011,L,
CMR,2011,LM,
CAN,2011,H,
CYM,2011,H,
CAF,2011,L,
TCD,2011,L,
CHI,2011,H,
CHL,2011,UM,
CHN,2011,UM,
COL,2011,UM,
COM,2011,L,
COD,2011,L,
COG,2011,LM,
CRI,2011,UM,
CIV,2011,LM,
HRV,2011,H,
CUB,2011,UM,
CUW,2011,H,
CYP,2011,H,
CZE,2011,H,
DNK,2011,H,
DJI,2011,LM,
DMA,2011,UM,
DOM,2011,UM,
ECU,2011,UM,
EGY,2011,LM,
SLV,2011,LM,
GNQ,2011,H,
ERI,2011,L,
EST,2011,H,
SWZ,2011,LM,
ETH,2011,L,
FRO,2011,H,
FJI,2011,LM,
FIN,2011,H,
FRA,2011,H,
PYF,2011,H,
GAB,2011,UM,
GMB,2011,L,
GEO,2011,LM,
DEU,2011,H,
GHA,2011,LM,
GIB,2011,..,
GRC,2011,H,
GRL,2011,H,
GRD,2011,UM,
GUM,2011,H,
GTM,2011,LM,
GIN,2011,L,
GNB,2011,L,
GUY,2011,LM,
HTI,2011,L,
HND,2011,LM,
HKG,2011,H,
HUN,2011,H,
ISL,2011,H,
IND,2011,LM,
IDN,2011,LM,
IRN,2011,UM,
IRQ,2011,LM,
IRL,2011,H,
IMN,2011,H,
ISR,2011,H,
ITA,2011,H,
JAM,2011,UM,
JPN,2011,H,
JOR,2011,UM,
KAZ,2011,UM,
KEN,2011,L,
KIR,2011,LM,
PRK,2011,L,
KOR,2011,H,
XKX,2011,LM,
KWT,2011,H,
KGZ,2011,L,
LAO,2011,LM,
LVA,2011,UM,
LBN,2011,UM,
LSO,2011,LM,
LBR,2011,L,
LBY,2011,UM,
LIE,2011,H,
LTU,2011,UM,
LUX,2011,H,
MAC,2011,H,
MDG,2011,L,
MWI,2011,L,
MYS,2011,UM,
MDV,2011,UM,
MLI,2011,L,
MLT,2011,H,
MHL,2011,LM,
MRT,2011,L,
MUS,2011,UM,
MEX,2011,UM,
FSM,2011,LM,
MDA,2011,LM,
MCO,2011,H,
MNG,2011,LM,
MNE,2011,UM,
MAR,2011,LM,
MOZ,2011,L,
MMR,2011,L,
NAM,2011,UM,
NRU,2011,..,
NPL,2011,L,
NLD,2011,H,
NCL,2011,H,
NZL,2011,H,
NIC,2011,LM,
NER,2011,L,
NGA,2011,LM,
MKD,2011,UM,
MNP,2011,H,
NOR,2011,H,
OMN,2011,H,
PAK,2011,LM,
PLW,2011,UM,
PAN,2011,UM,
PNG,2011,LM,
PRY,2011,LM,
PER,2011,UM,
PHL,2011,LM,
POL,2011,H,
PRT,2011,H,
PRI,2011,H,
QAT,2011,H,
ROU,2011,UM,
RUS,2011,UM,
RWA,2011,L,
WSM,2011,LM,
SMR,2011,H,
STP,2011,LM,
SAU,2011,H,
SEN,2011,LM,
SRB,2011,UM,
SYC,2011,UM,
SLE,2011,L,
SGP,2011,H,
SXM,2011,H,
SVK,2011,H,
SVN,2011,H,
SLB,2011,LM,
SOM,2011,L,
ZAF,2011,UM,
SSD,2011,LM,
ESP,2011,H,
LKA,2011,LM,
KNA,2011,H,
LCA,2011,UM,
MAF,2011,H,
VCT,2011,UM,
SDN,2011,LM,
SUR,2011,UM,
SWE,2011,H,
CHE,2011,H,
SYR,2011,LM,
TWN,2011,H,
TJK,2011,L,
TZA,2011,L,
THA,2011,UM,
TLS,2011,LM,
TGO,2011,L,
TON,2011,LM,
TTO,2011,H,
TUN,2011,UM,
TUR,2011,UM,
TKM,2011,UM,
TCA,2011,H,
TUV,2011,UM,
UGA,2011,L,
UKR,2011,LM,
ARE,2011,H,
GBR,2011,H,
USA,2011,H,
URY,2011,UM,
UZB,2011,LM,
VUT,2011,LM,
VEN,2011,UM,
VNM,2011,LM,
VIR,2011,H,
PSE,2011,LM,
YEM,2011,LM,
ZMB,2011,LM,
ZWE,2011,L,
AFG,2012,L,
ALB,2012,UM,
DZA,2012,UM,
ASM,2012,UM,
AND,2012,H,
AGO,2012,UM,
ATG,2012,H,
ARG,2012,UM,
ARM,2012,LM,
ABW,2012,H,
AUS,2012,H,
AUT,2012,H,
AZE,2012,UM,
BHS,2012,H,
BHR,2012,H,
BGD,2012,L,
BRB,2012,H,
BLR,2012,UM,
BEL,2012,H,
BLZ,2012,UM,
BEN,2012,L,
BMU,2012,H,
BTN,2012,LM,
BOL,2012,LM,
BIH,2012,UM,
BWA,2012,UM,
BRA,2012,UM,
VGB,2012,..,
BRN,2012,H,
BGR,2012,UM,
BFA,2012,L,
BDI,2012,L,
CPV,2012,LM,
KHM,2012,L,
CMR,2012,LM,
CAN,2012,H,
CYM,2012,H,
CAF,2012,L,
TCD,2012,L,
CHI,2012,H,
CHL,2012,H,
CHN,2012,UM,
COL,2012,UM,
COM,2012,L,
COD,2012,L,
COG,2012,LM,
CRI,2012,UM,
CIV,2012,LM,
HRV,2012,H,
CUB,2012,UM,
CUW,2012,H,
CYP,2012,H,
CZE,2012,H,
DNK,2012,H,
DJI,2012,LM,
DMA,2012,UM,
DOM,2012,UM,
ECU,2012,UM,
EGY,2012,LM,
SLV,2012,LM,
GNQ,2012,H,
ERI,2012,L,
EST,2012,H,
SWZ,2012,LM,
ETH,2012,L,
FRO,2012,H,
FJI,2012,UM,
FIN,2012,H,
FRA,2012,H,
PYF,2012,H,
GAB,2012,UM,
GMB,2012,L,
GEO,2012,LM,
DEU,2012,H,
GHA,2012,LM,
GIB,2012,..,
GRC,2012,H,
GRL,2012,H,
GRD,2012,UM,
GUM,2012,H,
GTM,2012,LM,
GIN,2012,L,
GNB,2012,L,
GUY,2012,LM,
HTI,2012,L,
HND,2012,LM,
HKG,2012,H,
HUN,2012,UM,
ISL,2012,H,
IND,2012,LM,
IDN,2012,LM,
IRN,2012,UM,
IRQ,2012,UM,
IRL,2012,H,
IMN,2012,H,
ISR,2012,H,
ITA,2012,H,
JAM,2012,UM,
JPN,2012,H,
JOR,2012,UM,
KAZ,2012,UM,
KEN,2012,L,
KIR,2012,LM,
PRK,2012,L,
KOR,2012,H,
XKX,2012,LM,
KWT,2012,H,
KGZ,2012,L,
LAO,2012,LM,
LVA,2012,H,
LBN,2012,UM,
LSO,2012,LM,
LBR,2012,L,
LBY,2012,UM,
LIE,2012,H,
LTU,2012,H,
LUX,2012,H,
MAC,2012,H,
MDG,2012,L,
MWI,2012,L,
MYS,2012,UM,
MDV,2012,UM,
MLI,2012,L,
MLT,2012,H,
MHL,2012,UM,
MRT,2012,LM,
MUS,2012,UM,
MEX,2012,UM,
FSM,2012,LM,
MDA,2012,LM,
MCO,2012,H,
MNG,2012,LM,
MNE,2012,UM,
MAR,2012,LM,
MOZ,2012,L,
MMR,2012,L,
NAM,2012,UM,
NRU,2012,..,
NPL,2012,L,
NLD,2012,H,
NCL,2012,H,
NZL,2012,H,
NIC,2012,LM,
NER,2012,L,
NGA,2012,LM,
MKD,2012,UM,
MNP,2012,H,
NOR,2012,H,
OMN,2012,H,
PAK,2012,LM,
PLW,2012,UM,
PAN,2012,UM,
PNG,2012,LM,
PRY,2012,LM,
PER,2012,UM,
PHL,2012,LM,
POL,2012,H,
PRT,2012,H,
PRI,2012,H,
QAT,2012,H,
ROU,2012,UM,
RUS,2012,H,
RWA,2012,L,
WSM,2012,LM,
SMR,2012,H,
STP,2012,LM,
SAU,2012,H,
SEN,2012,LM,
SRB,2012,UM,
SYC,2012,UM,
SLE,2012,L,
SGP,2012,H,
SXM,2012,H,
SVK,2012,H,
SVN,2012,H,
SLB,2012,LM,
SOM,2012,L,
ZAF,2012,UM,
SSD,2012,L,
ESP,2012,H,
LKA,2012,LM,
KNA,2012,H,
LCA,2012,UM,
MAF,2012,H,
VCT,2012,UM,
SDN,2012,LM,
SUR,2012,UM,
SWE,2012,H,
CHE,2012,H,
SYR,2012,LM,
TWN,2012,H,
TJK,2012,L,
TZA,2012,L,
THA,2012,UM,
TLS,2012,LM,
TGO,2012,L,
TON,2012,UM,
TTO,2012,H,
TUN,2012,UM,
TUR,2012,UM,
TKM,2012,UM,
TCA,2012,H,
TUV,2012,UM,
UGA,2012,L,
UKR,2012,LM,
ARE,2012,H,
GBR,2012,H,
USA,2012,H,
URY,2012,H,
UZB,2012,LM,
VUT,2012,LM,
VEN,2012,UM,
VNM,2012,LM,
VIR,2012,H,
PSE,2012,LM,
YEM,2012,LM,
ZMB,2012,LM,
ZWE,2012,L,
AFG,2013,L,
ALB,2013,UM,
DZA,2013,UM,
ASM,2013,UM,
AND,2013,H,
AGO,2013,UM,
ATG,2013,H,
ARG,2013,UM,
ARM,2013,LM,
ABW,2013,H,
AUS,2013,H,
AUT,2013,H,
AZE,2013,UM,
BHS,2013,H,
BHR,2013,H,
BGD,2013,L,
BRB,2013,H,
BLR,2013,UM,
BEL,2013,H,
BLZ,2013,UM,
BEN,2013,L,
BMU,2013,H,
BTN,2013,LM,
BOL,2013,LM,
BIH,2013,UM,
BWA,2013,UM,
BRA,2013,UM,
VGB,2013,..,
BRN,2013,H,
BGR,2013,UM,
BFA,2013,L,
BDI,2013,L,
CPV,2013,LM,
KHM,2013,L,
CMR,2013,LM,
CAN,2013,H,
CYM,2013,H,
CAF,2013,L,
TCD,2013,L,
CHI,2013,H,
CHL,2013,H,
CHN,2013,UM,
COL,2013,UM,
COM,2013,L,
COD,2013,L,
COG,2013,LM,
CRI,2013,UM,
CIV,2013,LM,
HRV,2013,H,
CUB,2013,UM,
CUW,2013,H,
CYP,2013,H,
CZE,2013,H,
DNK,2013,H,
DJI,2013,LM,
DMA,2013,UM,
DOM,2013,UM,
ECU,2013,UM,
EGY,2013,LM,
SLV,2013,LM,
GNQ,2013,H,
ERI,2013,L,
EST,2013,H,
SWZ,2013,LM,
ETH,2013,L,
FRO,2013,H,
FJI,2013,UM,
FIN,2013,H,
FRA,2013,H,
PYF,2013,H,
GAB,2013,UM,
GMB,2013,L,
GEO,2013,LM,
DEU,2013,H,
GHA,2013,LM,
GIB,2013,..,
GRC,2013,H,
GRL,2013,H,
GRD,2013,UM,
GUM,2013,H,
GTM,2013,LM,
GIN,2013,L,
GNB,2013,L,
GUY,2013,LM,
HTI,2013,L,
HND,2013,LM,
HKG,2013,H,
HUN,2013,UM,
ISL,2013,H,
IND,2013,LM,
IDN,2013,LM,
IRN,2013,UM,
IRQ,2013,UM,
IRL,2013,H,
IMN,2013,H,
ISR,2013,H,
ITA,2013,H,
JAM,2013,UM,
JPN,2013,H,
JOR,2013,UM,
KAZ,2013,UM,
KEN,2013,L,
KIR,2013,LM,
PRK,2013,L,
KOR,2013,H,
XKX,2013,LM,
KWT,2013,H,
KGZ,2013,LM,
LAO,2013,LM,
LVA,2013,H,
LBN,2013,UM,
LSO,2013,LM,
LBR,2013,L,
LBY,2013,UM,
LIE,2013,H,
LTU,2013,H,
LUX,2013,H,
MAC,2013,H,
MDG,2013,L,
MWI,2013,L,
MYS,2013,UM,
MDV,2013,UM,
MLI,2013,L,
MLT,2013,H,
MHL,2013,UM,
MRT,2013,LM,
MUS,2013,UM,
MEX,2013,UM,
FSM,2013,LM,
MDA,2013,LM,
MCO,2013,H,
MNG,2013,LM,
MNE,2013,UM,
MAR,2013,LM,
MOZ,2013,L,
MMR,2013,L,
NAM,2013,UM,
NRU,2013,..,
NPL,2013,L,
NLD,2013,H,
NCL,2013,H,
NZL,2013,H,
NIC,2013,LM,
NER,2013,L,
NGA,2013,LM,
MKD,2013,UM,
MNP,2013,H,
NOR,2013,H,
OMN,2013,H,
PAK,2013,LM,
PLW,2013,UM,
PAN,2013,UM,
PNG,2013,LM,
PRY,2013,LM,
PER,2013,UM,
PHL,2013,LM,
POL,2013,H,
PRT,2013,H,
PRI,2013,H,
QAT,2013,H,
ROU,2013,UM,
RUS,2013,H,
RWA,2013,L,
WSM,2013,LM,
SMR,2013,H,
STP,2013,LM,
SAU,2013,H,
SEN,2013,LM,
SRB,2013,UM,
SYC,2013,UM,
SLE,2013,L,
SGP,2013,H,
SXM,2013,H,
SVK,2013,H,
SVN,2013,H,
SLB,2013,LM,
SOM,2013,L,
ZAF,2013,UM,
SSD,2013,LM,
ESP,2013,H,
LKA,2013,LM,
KNA,2013,H,
LCA,2013,UM,
MAF,2013,H,
VCT,2013,UM,
SDN,2013,LM,
SUR,2013,UM,
SWE,2013,H,
CHE,2013,H,
SYR,2013,LM,
TWN,2013,H,
TJK,2013,L,
TZA,2013,L,
THA,2013,UM,
TLS,2013,LM,
TGO,2013,L,
TON,2013,UM,
TTO,2013,H,
TUN,2013,UM,
TUR,2013,UM,
TKM,2013,UM,
TCA,2013,H,
TUV,2013,UM,
UGA,2013,L,
UKR,2013,LM,
ARE,2013,H,
GBR,2013,H,
USA,2013,H,
URY,2013,H,
UZB,2013,LM,
VUT,2013,LM,
VEN,2013,UM,
VNM,2013,LM,
VIR,2013,H,
PSE,2013,LM,
YEM,2013,LM,
ZMB,2013,LM,
ZWE,2013,L,
AFG,2014,L,
ALB,2014,UM,
DZA,2014,UM,
ASM,2014,UM,
AND,2014,H,
AGO,2014,UM,
ATG,2014,H,
ARG,2014,H,
ARM,2014,LM,
ABW,2014,H,
AUS,2014,H,
AUT,2014,H,
AZE,2014,UM,
BHS,2014,H,
BHR,2014,H,
BGD,2014,LM,
BRB,2014,H,
BLR,2014,UM,
BEL,2014,H,
BLZ,2014,UM,
BEN,2014,L,
BMU,2014,H,
BTN,2014,LM,
BOL,2014,LM,
BIH,2014,UM,
BWA,2014,UM,
BRA,2014,UM,
VGB,2014,..,
BRN,2014,H,
BGR,2014,UM,
BFA,2014,L,
BDI,2014,L,
CPV,2014,LM,
KHM,2014,L,
CMR,2014,LM,
CAN,2014,H,
CYM,2014,H,
CAF,2014,L,
TCD,2014,L,
CHI,2014,H,
CHL,2014,H,
CHN,2014,UM,
COL,2014,UM,
COM,2014,L,
COD,2014,L,
COG,2014,LM,
CRI,2014,UM,
CIV,2014,LM,
HRV,2014,H,
CUB,2014,UM,
CUW,2014,H,
CYP,2014,H,
CZE,2014,H,
DNK,2014,H,
DJI,2014,LM,
DMA,2014,UM,
DOM,2014,UM,
ECU,2014,UM,
EGY,2014,LM,
SLV,2014,LM,
GNQ,2014,H,
ERI,2014,L,
EST,2014,H,
SWZ,2014,LM,
ETH,2014,L,
FRO,2014,H,
FJI,2014,UM,
FIN,2014,H,
FRA,2014,H,
PYF,2014,H,
GAB,2014,UM,
GMB,2014,L,
GEO,2014,LM,
DEU,2014,H,
GHA,2014,LM,
GIB,2014,..,
GRC,2014,H,
GRL,2014,H,
GRD,2014,UM,
GUM,2014,H,
GTM,2014,LM,
GIN,2014,L,
GNB,2014,L,
GUY,2014,LM,
HTI,2014,L,
HND,2014,LM,
HKG,2014,H,
HUN,2014,H,
ISL,2014,H,
IND,2014,LM,
IDN,2014,LM,
IRN,2014,UM,
IRQ,2014,UM,
IRL,2014,H,
IMN,2014,H,
ISR,2014,H,
ITA,2014,H,
JAM,2014,UM,
JPN,2014,H,
JOR,2014,UM,
KAZ,2014,UM,
KEN,2014,LM,
KIR,2014,LM,
PRK,2014,L,
KOR,2014,H,
XKX,2014,LM,
KWT,2014,H,
KGZ,2014,LM,
LAO,2014,LM,
LVA,2014,H,
LBN,2014,UM,
LSO,2014,LM,
LBR,2014,L,
LBY,2014,UM,
LIE,2014,H,
LTU,2014,H,
LUX,2014,H,
MAC,2014,H,
MDG,2014,L,
MWI,2014,L,
MYS,2014,UM,
MDV,2014,UM,
MLI,2014,L,
MLT,2014,H,
MHL,2014,UM,
MRT,2014,LM,
MUS,2014,UM,
MEX,2014,UM,
FSM,2014,LM,
MDA,2014,LM,
MCO,2014,H,
MNG,2014,UM,
MNE,2014,UM,
MAR,2014,LM,
MOZ,2014,L,
MMR,2014,LM,
NAM,2014,UM,
NRU,2014,..,
NPL,2014,L,
NLD,2014,H,
NCL,2014,H,
NZL,2014,H,
NIC,2014,LM,
NER,2014,L,
NGA,2014,LM,
MKD,2014,UM,
MNP,2014,H,
NOR,2014,H,
OMN,2014,H,
PAK,2014,LM,
PLW,2014,UM,
PAN,2014,UM,
PNG,2014,LM,
PRY,2014,UM,
PER,2014,UM,
PHL,2014,LM,
POL,2014,H,
PRT,2014,H,
PRI,2014,H,
QAT,2014,H,
ROU,2014,UM,
RUS,2014,H,
RWA,2014,L,
WSM,2014,LM,
SMR,2014,H,
STP,2014,LM,
SAU,2014,H,
SEN,2014,LM,
SRB,2014,UM,
SYC,2014,H,
SLE,2014,L,
SGP,2014,H,
SXM,2014,H,
SVK,2014,H,
SVN,2014,H,
SLB,2014,LM,
SOM,2014,L,
ZAF,2014,UM,
SSD,2014,L,
ESP,2014,H,
LKA,2014,LM,
KNA,2014,H,
LCA,2014,UM,
MAF,2014,H,
VCT,2014,UM,
SDN,2014,LM,
SUR,2014,UM,
SWE,2014,H,
CHE,2014,H,
SYR,2014,LM,
TWN,2014,H,
TJK,2014,LM,
TZA,2014,L,
THA,2014,UM,
TLS,2014,LM,
TGO,2014,L,
TON,2014,UM,
TTO,2014,H,
TUN,2014,UM,
TUR,2014,UM,
TKM,2014,UM,
TCA,2014,H,
TUV,2014,UM,
UGA,2014,L,
UKR,2014,LM,
ARE,2014,H,
GBR,2014,H,
USA,2014,H,
URY,2014,H,
UZB,2014,LM,
VUT,2014,LM,
VEN,2014,H,
VNM,2014,LM,
VIR,2014,H,
PSE,2014,LM,
YEM,2014,LM,
ZMB,2014,LM,
ZWE,2014,L,
AFG,2015,L,
ALB,2015,UM,
DZA,2015,UM,
ASM,2015,UM,
AND,2015,H,
AGO,2015,UM,
ATG,2015,H,
ARG,2015,UM,
ARM,2015,LM,
ABW,2015,H,
AUS,2015,H,
AUT,2015,H,
AZE,2015,UM,
BHS,2015,H,
BHR,2015,H,
BGD,2015,LM,
BRB,2015,H,
BLR,2015,UM,
BEL,2015,H,
BLZ,2015,UM,
BEN,2015,L,
BMU,2015,H,
BTN,2015,LM,
BOL,2015,LM,
BIH,2015,UM,
BWA,2015,UM,
BRA,2015,UM,
VGB,2015,H,
BRN,2015,H,
BGR,2015,UM,
BFA,2015,L,
BDI,2015,L,
CPV,2015,LM,
KHM,2015,LM,
CMR,2015,LM,
CAN,2015,H,
CYM,2015,H,
CAF,2015,L,
TCD,2015,L,
CHI,2015,H,
CHL,2015,H,
CHN,2015,UM,
COL,2015,UM,
COM,2015,L,
COD,2015,L,
COG,2015,LM,
CRI,2015,UM,
CIV,2015,LM,
HRV,2015,H,
CUB,2015,UM,
CUW,2015,H,
CYP,2015,H,
CZE,2015,H,
DNK,2015,H,
DJI,2015,LM,
DMA,2015,UM,
DOM,2015,UM,
ECU,2015,UM,
EGY,2015,LM,
SLV,2015,LM,
GNQ,2015,UM,
ERI,2015,L,
EST,2015,H,
SWZ,2015,LM,
ETH,2015,L,
FRO,2015,H,
FJI,2015,UM,
FIN,2015,H,
FRA,2015,H,
PYF,2015,H,
GAB,2015,UM,
GMB,2015,L,
GEO,2015,UM,
DEU,2015,H,
GHA,2015,LM,
GIB,2015,H,
GRC,2015,H,
GRL,2015,H,
GRD,2015,UM,
GUM,2015,H,
GTM,2015,LM,
GIN,2015,L,
GNB,2015,L,
GUY,2015,UM,
HTI,2015,L,
HND,2015,LM,
HKG,2015,H,
HUN,2015,H,
ISL,2015,H,
IND,2015,LM,
IDN,2015,LM,
IRN,2015,UM,
IRQ,2015,UM,
IRL,2015,H,
IMN,2015,H,
ISR,2015,H,
ITA,2015,H,
JAM,2015,UM,
JPN,2015,H,
JOR,2015,UM,
KAZ,2015,UM,
KEN,2015,LM,
KIR,2015,LM,
PRK,2015,L,
KOR,2015,H,
XKX,2015,LM,
KWT,2015,H,
KGZ,2015,LM,
LAO,2015,LM,
LVA,2015,H,
LBN,2015,UM,
LSO,2015,LM,
LBR,2015,L,
LBY,2015,UM,
LIE,2015,H,
LTU,2015,H,
LUX,2015,H,
MAC,2015,H,
MDG,2015,L,
MWI,2015,L,
MYS,2015,UM,
MDV,2015,UM,
MLI,2015,L,
MLT,2015,H,
MHL,2015,UM,
MRT,2015,LM,
MUS,2015,UM,
MEX,2015,UM,
FSM,2015,LM,
MDA,2015,LM,
MCO,2015,H,
MNG,2015,LM,
MNE,2015,UM,
MAR,2015,LM,
MOZ,2015,L,
MMR,2015,LM,
NAM,2015,UM,
NRU,2015,H,
NPL,2015,L,
NLD,2015,H,
NCL,2015,H,
NZL,2015,H,
NIC,2015,LM,
NER,2015,L,
NGA,2015,LM,
MKD,2015,UM,
MNP,2015,H,
NOR,2015,H,
OMN,2015,H,
PAK,2015,LM,
PLW,2015,UM,
PAN,2015,UM,
PNG,2015,LM,
PRY,2015,UM,
PER,2015,UM,
PHL,2015,LM,
POL,2015,H,
PRT,2015,H,
PRI,2015,H,
QAT,2015,H,
ROU,2015,UM,
RUS,2015,UM,
RWA,2015,L,
WSM,2015,LM,
SMR,2015,H,
STP,2015,LM,
SAU,2015,H,
SEN,2015,L,
SRB,2015,UM,
SYC,2015,H,
SLE,2015,L,
SGP,2015,H,
SXM,2015,H,
SVK,2015,H,
SVN,2015,H,
SLB,2015,LM,
SOM,2015,L,
ZAF,2015,UM,
SSD,2015,L,
ESP,2015,H,
LKA,2015,LM,
KNA,2015,H,
LCA,2015,UM,
MAF,2015,H,
VCT,2015,UM,
SDN,2015,LM,
SUR,2015,UM,
SWE,2015,H,
CHE,2015,H,
SYR,2015,LM,
TWN,2015,H,
TJK,2015,LM,
TZA,2015,L,
THA,2015,UM,
TLS,2015,LM,
TGO,2015,L,
TON,2015,LM,
TTO,2015,H,
TUN,2015,LM,
TUR,2015,UM,
TKM,2015,UM,
TCA,2015,H,
TUV,2015,UM,
UGA,2015,L,
UKR,2015,LM,
ARE,2015,H,
GBR,2015,H,
USA,2015,H,
URY,2015,H,
UZB,2015,LM,
VUT,2015,LM,
VEN,2015,UM,
VNM,2015,LM,
VIR,2015,H,
PSE,2015,LM,
YEM,2015,LM,
ZMB,2015,LM,
ZWE,2015,L,
AFG,2016,L,
ALB,2016,UM,
DZA,2016,UM,
ASM,2016,UM,
AND,2016,H,
AGO,2016,LM,
ATG,2016,H,
ARG,2016,UM,
ARM,2016,LM,
ABW,2016,H,
AUS,2016,H,
AUT,2016,H,
AZE,2016,UM,
BHS,2016,H,
BHR,2016,H,
BGD,2016,LM,
BRB,2016,H,
BLR,2016,UM,
BEL,2016,H,
BLZ,2016,UM,
BEN,2016,L,
BMU,2016,H,
BTN,2016,LM,
BOL,2016,LM,
BIH,2016,UM,
BWA,2016,UM,
BRA,2016,UM,
VGB,2016,H,
BRN,2016,H,
BGR,2016,UM,
BFA,2016,L,
BDI,2016,L,
CPV,2016,LM,
KHM,2016,LM,
CMR,2016,LM,
CAN,2016,H,
CYM,2016,H,
CAF,2016,L,
TCD,2016,L,
CHI,2016,H,
CHL,2016,H,
CHN,2016,UM,
COL,2016,UM,
COM,2016,L,
COD,2016,L,
COG,2016,LM,
CRI,2016,UM,
CIV,2016,LM,
HRV,2016,UM,
CUB,2016,UM,
CUW,2016,H,
CYP,2016,H,
CZE,2016,H,
DNK,2016,H,
DJI,2016,LM,
DMA,2016,UM,
DOM,2016,UM,
ECU,2016,UM,
EGY,2016,LM,
SLV,2016,LM,
GNQ,2016,UM,
ERI,2016,L,
EST,2016,H,
SWZ,2016,LM,
ETH,2016,L,
FRO,2016,H,
FJI,2016,UM,
FIN,2016,H,
FRA,2016,H,
PYF,2016,H,
GAB,2016,UM,
GMB,2016,L,
GEO,2016,LM,
DEU,2016,H,
GHA,2016,LM,
GIB,2016,H,
GRC,2016,H,
GRL,2016,H,
GRD,2016,UM,
GUM,2016,H,
GTM,2016,LM,
GIN,2016,L,
GNB,2016,L,
GUY,2016,UM,
HTI,2016,L,
HND,2016,LM,
HKG,2016,H,
HUN,2016,H,
ISL,2016,H,
IND,2016,LM,
IDN,2016,LM,
IRN,2016,UM,
IRQ,2016,UM,
IRL,2016,H,
IMN,2016,H,
ISR,2016,H,
ITA,2016,H,
JAM,2016,UM,
JPN,2016,H,
JOR,2016,LM,
KAZ,2016,UM,
KEN,2016,LM,
KIR,2016,LM,
PRK,2016,L,
KOR,2016,H,
XKX,2016,LM,
KWT,2016,H,
KGZ,2016,LM,
LAO,2016,LM,
LVA,2016,H,
LBN,2016,UM,
LSO,2016,LM,
LBR,2016,L,
LBY,2016,UM,
LIE,2016,H,
LTU,2016,H,
LUX,2016,H,
MAC,2016,H,
MDG,2016,L,
MWI,2016,L,
MYS,2016,UM,
MDV,2016,UM,
MLI,2016,L,
MLT,2016,H,
MHL,2016,UM,
MRT,2016,LM,
MUS,2016,UM,
MEX,2016,UM,
FSM,2016,LM,
MDA,2016,LM,
MCO,2016,H,
MNG,2016,LM,
MNE,2016,UM,
MAR,2016,LM,
MOZ,2016,L,
MMR,2016,LM,
NAM,2016,UM,
NRU,2016,UM,
NPL,2016,L,
NLD,2016,H,
NCL,2016,H,
NZL,2016,H,
NIC,2016,LM,
NER,2016,L,
NGA,2016,LM,
MKD,2016,UM,
MNP,2016,H,
NOR,2016,H,
OMN,2016,H,
PAK,2016,LM,
PLW,2016,H,
PAN,2016,UM,
PNG,2016,LM,
PRY,2016,UM,
PER,2016,UM,
PHL,2016,LM,
POL,2016,H,
PRT,2016,H,
PRI,2016,H,
QAT,2016,H,
ROU,2016,UM,
RUS,2016,UM,
RWA,2016,L,
WSM,2016,UM,
SMR,2016,H,
STP,2016,LM,
SAU,2016,H,
SEN,2016,L,
SRB,2016,UM,
SYC,2016,H,
SLE,2016,L,
SGP,2016,H,
SXM,2016,H,
SVK,2016,H,
SVN,2016,H,
SLB,2016,LM,
SOM,2016,L,
ZAF,2016,UM,
SSD,2016,L,
ESP,2016,H,
LKA,2016,LM,
KNA,2016,H,
LCA,2016,UM,
MAF,2016,H,
VCT,2016,UM,
SDN,2016,LM,
SUR,2016,UM,
SWE,2016,H,
CHE,2016,H,
SYR,2016,LM,
TWN,2016,H,
TJK,2016,LM,
TZA,2016,L,
THA,2016,UM,
TLS,2016,LM,
TGO,2016,L,
TON,2016,UM,
TTO,2016,H,
TUN,2016,LM,
TUR,2016,UM,
TKM,2016,UM,
TCA,2016,H,
TUV,2016,UM,
UGA,2016,L,
UKR,2016,LM,
ARE,2016,H,
GBR,2016,H,
USA,2016,H,
URY,2016,H,
UZB,2016,LM,
VUT,2016,LM,
VEN,2016,UM,
VNM,2016,LM,
VIR,2016,H,
PSE,2016,LM,
YEM,2016,LM,
ZMB,2016,LM,
ZWE,2016,L,
AFG,2017,L,
ALB,2017,UM,
DZA,2017,UM,
ASM,2017,UM,
AND,2017,H,
AGO,2017,LM,
ATG,2017,H,
ARG,2017,H,
ARM,2017,UM,
ABW,2017,H,
AUS,2017,H,
AUT,2017,H,
AZE,2017,UM,
BHS,2017,H,
BHR,2017,H,
BGD,2017,LM,
BRB,2017,H,
BLR,2017,UM,
BEL,2017,H,
BLZ,2017,UM,
BEN,2017,L,
BMU,2017,H,
BTN,2017,LM,
BOL,2017,LM,
BIH,2017,UM,
BWA,2017,UM,
BRA,2017,UM,
VGB,2017,H,
BRN,2017,H,
BGR,2017,UM,
BFA,2017,L,
BDI,2017,L,
CPV,2017,LM,
KHM,2017,LM,
CMR,2017,LM,
CAN,2017,H,
CYM,2017,H,
CAF,2017,L,
TCD,2017,L,
CHI,2017,H,
CHL,2017,H,
CHN,2017,UM,
COL,2017,UM,
COM,2017,L,
COD,2017,L,
COG,2017,LM,
CRI,2017,UM,
CIV,2017,LM,
HRV,2017,H,
CUB,2017,UM,
CUW,2017,H,
CYP,2017,H,
CZE,2017,H,
DNK,2017,H,
DJI,2017,LM,
DMA,2017,UM,
DOM,2017,UM,
ECU,2017,UM,
EGY,2017,LM,
SLV,2017,LM,
GNQ,2017,UM,
ERI,2017,L,
EST,2017,H,
SWZ,2017,LM,
ETH,2017,L,
FRO,2017,H,
FJI,2017,UM,
FIN,2017,H,
FRA,2017,H,
PYF,2017,H,
GAB,2017,UM,
GMB,2017,L,
GEO,2017,LM,
DEU,2017,H,
GHA,2017,LM,
GIB,2017,H,
GRC,2017,H,
GRL,2017,H,
GRD,2017,UM,
GUM,2017,H,
GTM,2017,UM,
GIN,2017,L,
GNB,2017,L,
GUY,2017,UM,
HTI,2017,L,
HND,2017,LM,
HKG,2017,H,
HUN,2017,H,
ISL,2017,H,
IND,2017,LM,
IDN,2017,LM,
IRN,2017,UM,
IRQ,2017,UM,
IRL,2017,H,
IMN,2017,H,
ISR,2017,H,
ITA,2017,H,
JAM,2017,UM,
JPN,2017,H,
JOR,2017,UM,
KAZ,2017,UM,
KEN,2017,LM,
KIR,2017,LM,
PRK,2017,L,
KOR,2017,H,
XKX,2017,LM,
KWT,2017,H,
KGZ,2017,LM,
LAO,2017,LM,
LVA,2017,H,
LBN,2017,UM,
LSO,2017,LM,
LBR,2017,L,
LBY,2017,UM,
LIE,2017,H,
LTU,2017,H,
LUX,2017,H,
MAC,2017,H,
MDG,2017,L,
MWI,2017,L,
MYS,2017,UM,
MDV,2017,UM,
MLI,2017,L,
MLT,2017,H,
MHL,2017,UM,
MRT,2017,LM,
MUS,2017,UM,
MEX,2017,UM,
FSM,2017,LM,
MDA,2017,LM,
MCO,2017,H,
MNG,2017,LM,
MNE,2017,UM,
MAR,2017,LM,
MOZ,2017,L,
MMR,2017,LM,
NAM,2017,UM,
NRU,2017,UM,
NPL,2017,L,
NLD,2017,H,
NCL,2017,H,
NZL,2017,H,
NIC,2017,LM,
NER,2017,L,
NGA,2017,LM,
MKD,2017,UM,
MNP,2017,H,
NOR,2017,H,
OMN,2017,H,
PAK,2017,LM,
PLW,2017,H,
PAN,2017,H,
PNG,2017,LM,
PRY,2017,UM,
PER,2017,UM,
PHL,2017,LM,
POL,2017,H,
PRT,2017,H,
PRI,2017,H,
QAT,2017,H,
ROU,2017,UM,
RUS,2017,UM,
RWA,2017,L,
WSM,2017,UM,
SMR,2017,H,
STP,2017,LM,
SAU,2017,H,
SEN,2017,L,
SRB,2017,UM,
SYC,2017,H,
SLE,2017,L,
SGP,2017,H,
SXM,2017,H,
SVK,2017,H,
SVN,2017,H,
SLB,2017,LM,
SOM,2017,L,
ZAF,2017,UM,
SSD,2017,L,
ESP,2017,H,
LKA,2017,LM,
KNA,2017,H,
LCA,2017,UM,
MAF,2017,H,
VCT,2017,UM,
SDN,2017,LM,
SUR,2017,UM,
SWE,2017,H,
CHE,2017,H,
SYR,2017,L,
TWN,2017,H,
TJK,2017,L,
TZA,2017,L,
THA,2017,UM,
TLS,2017,LM,
TGO,2017,L,
TON,2017,UM,
TTO,2017,H,
TUN,2017,LM,
TUR,2017,UM,
TKM,2017,UM,
TCA,2017,H,
TUV,2017,UM,
UGA,2017,L,
UKR,2017,LM,
ARE,2017,H,
GBR,2017,H,
USA,2017,H,
URY,2017,H,
UZB,2017,LM,
VUT,2017,LM,
VEN,2017,UM,
VNM,2017,LM,
VIR,2017,H,
PSE,2017,LM,
YEM,2017,L,
ZMB,2017,LM,
ZWE,2017,L,
AFG,2018,L,
ALB,2018,UM,
DZA,2018,UM,
ASM,2018,UM,
AND,2018,H,
AGO,2018,LM,
ATG,2018,H,
ARG,2018,UM,
ARM,2018,UM,
ABW,2018,H,
AUS,2018,H,
AUT,2018,H,
AZE,2018,UM,
BHS,2018,H,
BHR,2018,H,
BGD,2018,LM,
BRB,2018,H,
BLR,2018,UM,
BEL,2018,H,
BLZ,2018,UM,
BEN,2018,L,
BMU,2018,H,
BTN,2018,LM,
BOL,2018,LM,
BIH,2018,UM,
BWA,2018,UM,
BRA,2018,UM,
VGB,2018,H,
BRN,2018,H,
BGR,2018,UM,
BFA,2018,L,
BDI,2018,L,
CPV,2018,LM,
KHM,2018,LM,
CMR,2018,LM,
CAN,2018,H,
CYM,2018,H,
CAF,2018,L,
TCD,2018,L,
CHI,2018,H,
CHL,2018,H,
CHN,2018,UM,
COL,2018,UM,
COM,2018,LM,
COD,2018,L,
COG,2018,LM,
CRI,2018,UM,
CIV,2018,LM,
HRV,2018,H,
CUB,2018,UM,
CUW,2018,H,
CYP,2018,H,
CZE,2018,H,
DNK,2018,H,
DJI,2018,LM,
DMA,2018,UM,
DOM,2018,UM,
ECU,2018,UM,
EGY,2018,LM,
SLV,2018,LM,
GNQ,2018,UM,
ERI,2018,L,
EST,2018,H,
SWZ,2018,LM,
ETH,2018,L,
FRO,2018,H,
FJI,2018,UM,
FIN,2018,H,
FRA,2018,H,
PYF,2018,H,
GAB,2018,UM,
GMB,2018,L,
GEO,2018,UM,
DEU,2018,H,
GHA,2018,LM,
GIB,2018,H,
GRC,2018,H,
GRL,2018,H,
GRD,2018,UM,
GUM,2018,H,
GTM,2018,UM,
GIN,2018,L,
GNB,2018,L,
GUY,2018,UM,
HTI,2018,L,
HND,2018,LM,
HKG,2018,H,
HUN,2018,H,
ISL,2018,H,
IND,2018,LM,
IDN,2018,LM,
IRN,2018,UM,
IRQ,2018,UM,
IRL,2018,H,
IMN,2018,H,
ISR,2018,H,
ITA,2018,H,
JAM,2018,UM,
JPN,2018,H,
JOR,2018,UM,
KAZ,2018,UM,
KEN,2018,LM,
KIR,2018,LM,
PRK,2018,L,
KOR,2018,H,
XKX,2018,UM,
KWT,2018,H,
KGZ,2018,LM,
LAO,2018,LM,
LVA,2018,H,
LBN,2018,UM,
LSO,2018,LM,
LBR,2018,L,
LBY,2018,UM,
LIE,2018,H,
LTU,2018,H,
LUX,2018,H,
MAC,2018,H,
MDG,2018,L,
MWI,2018,L,
MYS,2018,UM,
MDV,2018,UM,
MLI,2018,L,
MLT,2018,H,
MHL,2018,UM,
MRT,2018,LM,
MUS,2018,UM,
MEX,2018,UM,
FSM,2018,LM,
MDA,2018,LM,
MCO,2018,H,
MNG,2018,LM,
MNE,2018,UM,
MAR,2018,LM,
MOZ,2018,L,
MMR,2018,LM,
NAM,2018,UM,
NRU,2018,UM,
NPL,2018,L,
NLD,2018,H,
NCL,2018,H,
NZL,2018,H,
NIC,2018,LM,
NER,2018,L,
NGA,2018,LM,
MKD,2018,UM,
MNP,2018,H,
NOR,2018,H,
OMN,2018,H,
PAK,2018,LM,
PLW,2018,H,
PAN,2018,H,
PNG,2018,LM,
PRY,2018,UM,
PER,2018,UM,
PHL,2018,LM,
POL,2018,H,
PRT,2018,H,
PRI,2018,H,
QAT,2018,H,
ROU,2018,UM,
RUS,2018,UM,
RWA,2018,L,
WSM,2018,UM,
SMR,2018,H,
STP,2018,LM,
SAU,2018,H,
SEN,2018,LM,
SRB,2018,UM,
SYC,2018,H,
SLE,2018,L,
SGP,2018,H,
SXM,2018,H,
SVK,2018,H,
SVN,2018,H,
SLB,2018,LM,
SOM,2018,L,
ZAF,2018,UM,
SSD,2018,L,
ESP,2018,H,
LKA,2018,UM,
KNA,2018,H,
LCA,2018,UM,
MAF,2018,H,
VCT,2018,UM,
SDN,2018,LM,
SUR,2018,UM,
SWE,2018,H,
CHE,2018,H,
SYR,2018,L,
TWN,2018,H,
TJK,2018,L,
TZA,2018,L,
THA,2018,UM,
TLS,2018,LM,
TGO,2018,L,
TON,2018,UM,
TTO,2018,H,
TUN,2018,LM,
TUR,2018,UM,
TKM,2018,UM,
TCA,2018,H,
TUV,2018,UM,
UGA,2018,L,
UKR,2018,LM,
ARE,2018,H,
GBR,2018,H,
USA,2018,H,
URY,2018,H,
UZB,2018,LM,
VUT,2018,LM,
VEN,2018,UM,
VNM,2018,LM,
VIR,2018,H,
PSE,2018,LM,
YEM,2018,L,
ZMB,2018,LM,
ZWE,2018,LM,
AFG,2019,L,
ALB,2019,UM,
DZA,2019,LM,
ASM,2019,UM,
AND,2019,H,
AGO,2019,LM,
ATG,2019,H,
ARG,2019,UM,
ARM,2019,UM,
ABW,2019,H,
AUS,2019,H,
AUT,2019,H,
AZE,2019,UM,
BHS,2019,H,
BHR,2019,H,
BGD,2019,LM,
BRB,2019,H,
BLR,2019,UM,
BEL,2019,H,
BLZ,2019,UM,
BEN,2019,LM,
BMU,2019,H,
BTN,2019,LM,
BOL,2019,LM,
BIH,2019,UM,
BWA,2019,UM,
BRA,2019,UM,
VGB,2019,H,
BRN,2019,H,
BGR,2019,UM,
BFA,2019,L,
BDI,2019,L,
CPV,2019,LM,
KHM,2019,LM,
CMR,2019,LM,
CAN,2019,H,
CYM,2019,H,
CAF,2019,L,
TCD,2019,L,
CHI,2019,H,
CHL,2019,H,
CHN,2019,UM,
COL,2019,UM,
COM,2019,LM,
COD,2019,L,
COG,2019,LM,
CRI,2019,UM,
CIV,2019,LM,
HRV,2019,H,
CUB,2019,UM,
CUW,2019,H,
CYP,2019,H,
CZE,2019,H,
DNK,2019,H,
DJI,2019,LM,
DMA,2019,UM,
DOM,2019,UM,
ECU,2019,UM,
EGY,2019,LM,
SLV,2019,LM,
GNQ,2019,UM,
ERI,2019,L,
EST,2019,H,
SWZ,2019,LM,
ETH,2019,L,
FRO,2019,H,
FJI,2019,UM,
FIN,2019,H,
FRA,2019,H,
PYF,2019,H,
GAB,2019,UM,
GMB,2019,L,
GEO,2019,UM,
DEU,2019,H,
GHA,2019,LM,
GIB,2019,H,
GRC,2019,H,
GRL,2019,H,
GRD,2019,UM,
GUM,2019,H,
GTM,2019,UM,
GIN,2019,L,
GNB,2019,L,
GUY,2019,UM,
HTI,2019,L,
HND,2019,LM,
HKG,2019,H,
HUN,2019,H,
ISL,2019,H,
IND,2019,LM,
IDN,2019,UM,
IRN,2019,UM,
IRQ,2019,UM,
IRL,2019,H,
IMN,2019,H,
ISR,2019,H,
ITA,2019,H,
JAM,2019,UM,
JPN,2019,H,
JOR,2019,UM,
KAZ,2019,UM,
KEN,2019,LM,
KIR,2019,LM,
PRK,2019,L,
KOR,2019,H,
XKX,2019,UM,
KWT,2019,H,
KGZ,2019,LM,
LAO,2019,LM,
LVA,2019,H,
LBN,2019,UM,
LSO,2019,LM,
LBR,2019,L,
LBY,2019,UM,
LIE,2019,H,
LTU,2019,H,
LUX,2019,H,
MAC,2019,H,
MDG,2019,L,
MWI,2019,L,
MYS,2019,UM,
MDV,2019,UM,
MLI,2019,L,
MLT,2019,H,
MHL,2019,UM,
MRT,2019,LM,
MUS,2019,H,
MEX,2019,UM,
FSM,2019,LM,
MDA,2019,LM,
MCO,2019,H,
MNG,2019,LM,
MNE,2019,UM,
MAR,2019,LM,
MOZ,2019,L,
MMR,2019,LM,
NAM,2019,UM,
NRU,2019,H,
NPL,2019,LM,
NLD,2019,H,
NCL,2019,H,
NZL,2019,H,
NIC,2019,LM,
NER,2019,L,
NGA,2019,LM,
MKD,2019,UM,
MNP,2019,H,
NOR,2019,H,
OMN,2019,H,
PAK,2019,LM,
PLW,2019,H,
PAN,2019,H,
PNG,2019,LM,
PRY,2019,UM,
PER,2019,UM,
PHL,2019,LM,
POL,2019,H,
PRT,2019,H,
PRI,2019,H,
QAT,2019,H,
ROU,2019,H,
RUS,2019,UM,
RWA,2019,L,
WSM,2019,UM,
SMR,2019,H,
STP,2019,LM,
SAU,2019,H,
SEN,2019,LM,
SRB,2019,UM,
SYC,2019,H,
SLE,2019,L,
SGP,2019,H,
SXM,2019,H,
SVK,2019,H,
SVN,2019,H,
SLB,2019,LM,
SOM,2019,L,
ZAF,2019,UM,
SSD,2019,L,
ESP,2019,H,
LKA,2019,LM,
KNA,2019,H,
LCA,2019,UM,
MAF,2019,H,
VCT,2019,UM,
SDN,2019,L,
SUR,2019,UM,
SWE,2019,H,
CHE,2019,H,
SYR,2019,L,
TWN,2019,H,
TJK,2019,L,
TZA,2019,LM,
THA,2019,UM,
TLS,2019,LM,
TGO,2019,L,
TON,2019,UM,
TTO,2019,H,
TUN,2019,LM,
TUR,2019,UM,
TKM,2019,UM,
TCA,2019,H,
TUV,2019,UM,
UGA,2019,L,
UKR,2019,LM,
ARE,2019,H,
GBR,2019,H,
USA,2019,H,
URY,2019,H,
UZB,2019,LM,
VUT,2019,LM,
VEN,2019,UM,
VNM,2019,LM,
VIR,2019,H,
PSE,2019,LM,
YEM,2019,L,
ZMB,2019,LM,
ZWE,2019,LM,
AFG,2020,L,
ALB,2020,UM,
DZA,2020,LM,
ASM,2020,UM,
AND,2020,H,
AGO,2020,LM,
ATG,2020,H,
ARG,2020,UM,
ARM,2020,UM,
ABW,2020,H,
AUS,2020,H,
AUT,2020,H,
AZE,2020,UM,
BHS,2020,H,
BHR,2020,H,
BGD,2020,LM,
BRB,2020,H,
BLR,2020,UM,
BEL,2020,H,
BLZ,2020,LM,
BEN,2020,LM,
BMU,2020,H,
BTN,2020,LM,
BOL,2020,LM,
BIH,2020,UM,
BWA,2020,UM,
BRA,2020,UM,
VGB,2020,H,
BRN,2020,H,
BGR,2020,UM,
BFA,2020,L,
BDI,2020,L,
CPV,2020,LM,
KHM,2020,LM,
CMR,2020,LM,
CAN,2020,H,
CYM,2020,H,
CAF,2020,L,
TCD,2020,L,
CHI,2020,H,
CHL,2020,H,
CHN,2020,UM,
COL,2020,UM,
COM,2020,LM,
COD,2020,L,
COG,2020,LM,
CRI,2020,UM,
CIV,2020,LM,
HRV,2020,H,
CUB,2020,UM,
CUW,2020,H,
CYP,2020,H,
CZE,2020,H,
DNK,2020,H,
DJI,2020,LM,
DMA,2020,UM,
DOM,2020,UM,
ECU,2020,UM,
EGY,2020,LM,
SLV,2020,LM,
GNQ,2020,UM,
ERI,2020,L,
EST,2020,H,
SWZ,2020,LM,
ETH,2020,L,
FRO,2020,H,
FJI,2020,UM,
FIN,2020,H,
FRA,2020,H,
PYF,2020,H,
GAB,2020,UM,
GMB,2020,L,
GEO,2020,UM,
DEU,2020,H,
GHA,2020,LM,
GIB,2020,H,
GRC,2020,H,
GRL,2020,H,
GRD,2020,UM,
GUM,2020,H,
GTM,2020,UM,
GIN,2020,L,
GNB,2020,L,
GUY,2020,UM,
HTI,2020,LM,
HND,2020,LM,
HKG,2020,H,
HUN,2020,H,
ISL,2020,H,
IND,2020,LM,
IDN,2020,LM,
IRN,2020,LM,
IRQ,2020,UM,
IRL,2020,H,
IMN,2020,H,
ISR,2020,H,
ITA,2020,H,
JAM,2020,UM,
JPN,2020,H,
JOR,2020,UM,
KAZ,2020,UM,
KEN,2020,LM,
KIR,2020,LM,
PRK,2020,L,
KOR,2020,H,
XKX,2020,UM,
KWT,2020,H,
KGZ,2020,LM,
LAO,2020,LM,
LVA,2020,H,
LBN,2020,UM,
LSO,2020,LM,
LBR,2020,L,
LBY,2020,UM,
LIE,2020,H,
LTU,2020,H,
LUX,2020,H,
MAC,2020,H,
MDG,2020,L,
MWI,2020,L,
MYS,2020,UM,
MDV,2020,UM,
MLI,2020,L,
MLT,2020,H,
MHL,2020,UM,
MRT,2020,LM,
MUS,2020,UM,
MEX,2020,UM,
FSM,2020,LM,
MDA,2020,UM,
MCO,2020,H,
MNG,2020,LM,
MNE,2020,UM,
MAR,2020,LM,
MOZ,2020,L,
MMR,2020,LM,
NAM,2020,UM,
NRU,2020,H,
NPL,2020,LM,
NLD,2020,H,
NCL,2020,H,
NZL,2020,H,
NIC,2020,LM,
NER,2020,L,
NGA,2020,LM,
MKD,2020,UM,
MNP,2020,H,
NOR,2020,H,
OMN,2020,H,
PAK,2020,LM,
PLW,2020,H,
PAN,2020,UM,
PNG,2020,LM,
PRY,2020,UM,
PER,2020,UM,
PHL,2020,LM,
POL,2020,H,
PRT,2020,H,
PRI,2020,H,
QAT,2020,H,
ROU,2020,UM,
RUS,2020,UM,
RWA,2020,L,
WSM,2020,LM,
SMR,2020,H,
STP,2020,LM,
SAU,2020,H,
SEN,2020,LM,
SRB,2020,UM,
SYC,2020,H,
SLE,2020,L,
SGP,2020,H,
SXM,2020,H,
SVK,2020,H,
SVN,2020,H,
SLB,2020,LM,
SOM,2020,L,
ZAF,2020,UM,
SSD,2020,L,
ESP,2020,H,
LKA,2020,LM,
KNA,2020,H,
LCA,2020,UM,
MAF,2020,H,
VCT,2020,UM,
SDN,2020,L,
SUR,2020,UM,
SWE,2020,H,
CHE,2020,H,
SYR,2020,L,
TWN,2020,H,
TJK,2020,LM,
TZA,2020,LM,
THA,2020,UM,
TLS,2020,LM,
TGO,2020,L,
TON,2020,UM,
TTO,2020,H,
TUN,2020,LM,
TUR,2020,UM,
TKM,2020,UM,
TCA,2020,H,
TUV,2020,UM,
UGA,2020,L,
UKR,2020,LM,
ARE,2020,H,
GBR,2020,H,
USA,2020,H,
URY,2020,H,
UZB,2020,LM,
VUT,2020,LM,
VNM,2020,LM,
VIR,2020,H,
PSE,2020,LM,
YEM,2020,L,
ZMB,2020,LM,
ZWE,2020,LM,
AFG,2021,L,
ALB,2021,UM,
DZA,2021,LM,
ASM,2021,UM,
AND,2021,H,
AGO,2021,LM,
ATG,2021,H,
ARG,2021,UM,
ARM,2021,UM,
ABW,2021,H,
AUS,2021,H,
AUT,2021,H,
AZE,2021,UM,
BHS,2021,H,
BHR,2021,H,
BGD,2021,LM,
BRB,2021,H,
BLR,2021,UM,
BEL,2021,H,
BLZ,2021,UM,
BEN,2021,LM,
BMU,2021,H,
BTN,2021,LM,
BOL,2021,LM,
BIH,2021,UM,
BWA,2021,UM,
BRA,2021,UM,
VGB,2021,H,
BRN,2021,H,
BGR,2021,UM,
BFA,2021,L,
BDI,2021,L,
CPV,2021,LM,
KHM,2021,LM,
CMR,2021,LM,
CAN,2021,H,
CYM,2021,H,
CAF,2021,L,
TCD,2021,L,
CHI,2021,H,
CHL,2021,H,
CHN,2021,UM,
COL,2021,UM,
COM,2021,LM,
COD,2021,L,
COG,2021,LM,
CRI,2021,UM,
CIV,2021,LM,
HRV,2021,H,
CUB,2021,UM,
CUW,2021,H,
CYP,2021,H,
CZE,2021,H,
DNK,2021,H,
DJI,2021,LM,
DMA,2021,UM,
DOM,2021,UM,
ECU,2021,UM,
EGY,2021,LM,
SLV,2021,LM,
GNQ,2021,UM,
ERI,2021,L,
EST,2021,H,
SWZ,2021,LM,
ETH,2021,L,
FRO,2021,H,
FJI,2021,UM,
FIN,2021,H,
FRA,2021,H,
PYF,2021,H,
GAB,2021,UM,
GMB,2021,L,
GEO,2021,UM,
DEU,2021,H,
GHA,2021,LM,
GIB,2021,H,
GRC,2021,H,
GRL,2021,H,
GRD,2021,UM,
GUM,2021,H,
GTM,2021,UM,
GIN,2021,L,
GNB,2021,L,
GUY,2021,UM,
HTI,2021,LM,
HND,2021,LM,
HKG,2021,H,
HUN,2021,H,
ISL,2021,H,
IND,2021,LM,
IDN,2021,LM,
IRN,2021,LM,
IRQ,2021,UM,
IRL,2021,H,
IMN,2021,H,
ISR,2021,H,
ITA,2021,H,
JAM,2021,UM,
JPN,2021,H,
JOR,2021,UM,
KAZ,2021,UM,
KEN,2021,LM,
KIR,2021,LM,
PRK,2021,L,
KOR,2021,H,
XKX,2021,UM,
KWT,2021,H,
KGZ,2021,LM,
LAO,2021,LM,
LVA,2021,H,
LBN,2021,LM,
LSO,2021,LM,
LBR,2021,L,
LBY,2021,UM,
LIE,2021,H,
LTU,2021,H,
LUX,2021,H,
MAC,2021,H,
MDG,2021,L,
MWI,2021,L,
MYS,2021,UM,
MDV,2021,UM,
MLI,2021,L,
MLT,2021,H,
MHL,2021,UM,
MRT,2021,LM,
MUS,2021,UM,
MEX,2021,UM,
FSM,2021,LM,
MDA,2021,UM,
MCO,2021,H,
MNG,2021,LM,
MNE,2021,UM,
MAR,2021,LM,
MOZ,2021,L,
MMR,2021,LM,
NAM,2021,UM,
NRU,2021,H,
NPL,2021,LM,
NLD,2021,H,
NCL,2021,H,
NZL,2021,H,
NIC,2021,LM,
NER,2021,L,
NGA,2021,LM,
MKD,2021,UM,
MNP,2021,H,
NOR,2021,H,
OMN,2021,H,
PAK,2021,LM,
PLW,2021,UM,
PAN,2021,H,
PNG,2021,LM,
PRY,2021,UM,
PER,2021,UM,
PHL,2021,LM,
POL,2021,H,
PRT,2021,H,
PRI,2021,H,
QAT,2021,H,
ROU,2021,H,
RUS,2021,UM,
RWA,2021,L,
WSM,2021,LM,
SMR,2021,H,
STP,2021,LM,
SAU,2021,H,
SEN,2021,LM,
SRB,2021,UM,
SYC,2021,H,
SLE,2021,L,
SGP,2021,H,
SXM,2021,H,
SVK,2021,H,
SVN,2021,H,
SLB,2021,LM,
SOM,2021,L,
ZAF,2021,UM,
SSD,2021,L,
ESP,2021,H,
LKA,2021,LM,
KNA,2021,H,
LCA,2021,UM,
MAF,2021,H,
VCT,2021,UM,
SDN,2021,L,
SUR,2021,UM,
SWE,2021,H,
CHE,2021,H,
SYR,2021,L,
TWN,2021,H,
TJK,2021,LM,
TZA,2021,LM,
THA,2021,UM,
TLS,2021,LM,
TGO,2021,L,
TON,2021,UM,
TTO,2021,H,
TUN,2021,LM,
TUR,2021,UM,
TKM,2021,UM,
TCA,2021,H,
TUV,2021,UM,
UGA,2021,L,
UKR,2021,LM,
ARE,2021,H,
GBR,2021,H,
USA,2021,H,
URY,2021,H,
UZB,2021,LM,
VUT,2021,LM,
VNM,2021,LM,
VIR,2021,H,
PSE,2021,LM,
YEM,2021,L,
ZMB,2021,L,
ZWE,2021,LM,
