,year,country,animal_category,species,new_outbreaks_aib,new_outbreaks_ail,new_outbreaks_chla,new_outbreaks_dvh,new_outbreaks_flua,new_outbreaks_hpai,new_outbreaks_ibd,new_outbreaks_lpai,new_outbreaks_msyn,new_outbreaks_ndv,new_outbreaks_pul,new_outbreaks_rab,new_outbreaks_trh,new_outbreaks_typh,susceptible_thsdhd_aib,susceptible_thsdhd_ail,susceptible_thsdhd_chla,susceptible_thsdhd_dvh,susceptible_thsdhd_flua,susceptible_thsdhd_hpai,susceptible_thsdhd_ibd,susceptible_thsdhd_lpai,susceptible_thsdhd_msyn,susceptible_thsdhd_ndv,susceptible_thsdhd_pul,susceptible_thsdhd_rab,susceptible_thsdhd_trh,susceptible_thsdhd_typh,cases_thsdhd_aib,cases_thsdhd_ail,cases_thsdhd_chla,cases_thsdhd_dvh,cases_thsdhd_flua,cases_thsdhd_hpai,cases_thsdhd_ibd,cases_thsdhd_lpai,cases_thsdhd_msyn,cases_thsdhd_ndv,cases_thsdhd_pul,cases_thsdhd_rab,cases_thsdhd_trh,cases_thsdhd_typh,killed_and_disposed_of_thsdhd_aib,killed_and_disposed_of_thsdhd_ail,killed_and_disposed_of_thsdhd_chla,killed_and_disposed_of_thsdhd_dvh,killed_and_disposed_of_thsdhd_flua,killed_and_disposed_of_thsdhd_hpai,killed_and_disposed_of_thsdhd_ibd,killed_and_disposed_of_thsdhd_lpai,killed_and_disposed_of_thsdhd_msyn,killed_and_disposed_of_thsdhd_ndv,killed_and_disposed_of_thsdhd_pul,killed_and_disposed_of_thsdhd_rab,killed_and_disposed_of_thsdhd_trh,killed_and_disposed_of_thsdhd_typh,slaughtered_thsdhd_aib,slaughtered_thsdhd_ail,slaughtered_thsdhd_chla,slaughtered_thsdhd_dvh,slaughtered_thsdhd_flua,slaughtered_thsdhd_hpai,slaughtered_thsdhd_ibd,slaughtered_thsdhd_lpai,slaughtered_thsdhd_msyn,slaughtered_thsdhd_ndv,slaughtered_thsdhd_pul,slaughtered_thsdhd_rab,slaughtered_thsdhd_trh,slaughtered_thsdhd_typh,deaths_thsdhd_aib,deaths_thsdhd_ail,deaths_thsdhd_chla,deaths_thsdhd_dvh,deaths_thsdhd_flua,deaths_thsdhd_hpai,deaths_thsdhd_ibd,deaths_thsdhd_lpai,deaths_thsdhd_msyn,deaths_thsdhd_ndv,deaths_thsdhd_pul,deaths_thsdhd_rab,deaths_thsdhd_trh,deaths_thsdhd_typh,vaccinated_thsdhd_aib,vaccinated_thsdhd_ail,vaccinated_thsdhd_chla,vaccinated_thsdhd_dvh,vaccinated_thsdhd_flua,vaccinated_thsdhd_hpai,vaccinated_thsdhd_ibd,vaccinated_thsdhd_lpai,vaccinated_thsdhd_msyn,vaccinated_thsdhd_ndv,vaccinated_thsdhd_pul,vaccinated_thsdhd_rab,vaccinated_thsdhd_trh,vaccinated_thsdhd_typh,new_outbreaks_anydisease,susceptible_thsdhd_anydisease,cases_thsdhd_anydisease,killed_and_disposed_of_thsdhd_anydisease,slaughtered_thsdhd_anydisease,deaths_thsdhd_anydisease,vaccinated_thsdhd_anydisease
0,2011,Brazil,Domestic,Birds,0.0,0.0,0.0,0.0,0.0,0.0,0.0,0.0,0.0,0.0,0.0,0.0,0.0,0.0,1335.599,0.0,0.0,0.0,0.0,0.0,593.124,0.0,3071.6800000000003,0.0,0.0,0.0,0.0,0.0,556.2539999999999,0.0,0.0,0.0,0.0,0.0,513.3040000000001,0.0,2379.567,0.0,0.0,0.0,0.0,0.0,1.53,0.0,0.0,0.0,0.0,0.0,0.0,0.0,1.94,0.0,0.0,0.0,0.0,0.0,0.023,0.0,0.0,0.0,0.0,0.0,0.0,0.0,0.8400000000000001,0.0,0.0,0.0,0.0,0.0,38.576,0.0,0.0,0.0,0.0,0.0,11.917,0.0,1.891,0.0,0.0,0.0,0.0,0.0,0.0,0.0,0.0,0.0,0.0,0.0,0.0,0.0,0.0,0.0,0.0,0.0,0.0,0.0,0.0,5000.403,3449.125,3.4699999999999998,0.8630000000000001,52.384,0.0
1,2011,China (People's Rep. of),Domestic,Birds,0.0,0.0,0.0,0.0,0.0,0.0,0.0,0.0,0.0,0.0,0.0,0.0,0.0,0.0,6144.577,2944.0320000000006,0.0,912.1879999999999,0.0,6.865,3550.4649999999992,0.0,0.0,481.69699999999995,15309.175000000001,0.0,0.0,65.342,675.6169999999998,297.014,0.0,150.11300000000003,0.0,0.29,422.9890000000001,0.0,0.0,46.671,1705.2560000000003,0.0,0.0,3.308,30.883999999999997,6.127999999999999,0.0,20.781000000000006,0.0,6.575,13.324999999999998,0.0,0.0,4.046,74.06200000000001,0.0,0.0,0.08,5.011,0.951,0.0,7.426,0.0,0.0,1.8810000000000002,0.0,0.0,10.976999999999999,26.358,0.0,0.0,0.045000000000000005,61.29199999999999,21.036,0.0,47.87299999999998,0.0,0.29,44.917,0.0,0.0,26.013999999999996,130.36700000000002,0.0,0.0,0.9530000000000001,2936.4849999999988,1259.01,0.0,324.63300000000004,0.0,0.0,1188.3890000000001,0.0,0.0,560.6239999999998,314.766,0.0,0.0,3.826,0.0,29414.341000000004,3301.2580000000003,155.88100000000003,52.649,332.74199999999996,6587.732999999998
2,2011,France,Domestic,Birds,0.0,0.0,0.0,0.0,0.0,0.0,0.0,0.0,0.0,0.0,0.0,0.0,0.0,0.0,0.0,0.0,0.0,0.0,0.0,0.0,0.0,0.0,0.0,0.0,240.979,0.0,0.0,0.0,0.0,0.0,0.0,0.0,0.0,0.0,0.0,0.0,0.0,0.0,15.238000000000001,0.0,0.0,0.0,0.0,0.0,0.0,0.0,0.0,0.0,0.0,0.0,0.0,0.0,24.0,0.0,0.0,0.0,0.0,0.0,0.0,0.0,0.0,0.0,0.0,0.0,0.0,0.0,201.74099999999999,0.0,0.0,0.0,0.0,0.0,0.0,0.0,0.0,0.0,0.0,0.0,0.0,0.0,15.238000000000001,0.0,0.0,0.0,0.0,0.0,0.0,0.0,0.0,0.0,0.0,0.0,0.0,0.0,0.0,0.0,0.0,0.0,0.0,240.979,15.238000000000001,24.0,201.74099999999999,15.238000000000001,0.0
3,2011,Germany,Domestic,Birds,0.0,0.0,0.0,0.0,0.0,0.0,0.0,0.0,0.0,0.0,0.0,0.0,0.0,0.0,0.0,0.006,0.011,0.0,0.0,0.0,0.0,110.357,0.0,0.0,0.0,0.0,0.0,0.0,0.0,0.012,0.02,0.0,0.0,0.0,0.0,4.3420000000000005,0.0,0.0,0.0,0.0,0.0,0.0,0.0,0.0,0.0,0.0,0.0,0.0,0.0,110.293,0.0,0.0,0.0,0.0,0.0,0.0,0.0,0.0,0.0,0.0,0.0,0.0,0.0,0.0,0.0,0.0,0.0,0.0,0.0,0.0,0.0,0.0,0.0,0.0,0.0,0.0,0.0,0.007,0.0,0.0,0.0,0.0,0.0,0.0,0.0,0.0,0.0,0.0,0.0,0.0,0.0,0.0,0.0,0.0,0.0,0.0,0.0,0.0,0.0,110.374,4.3740000000000006,110.293,0.0,0.007,0.0
4,2011,India,Domestic,Birds,0.0,0.0,0.0,0.0,0.0,0.0,0.0,0.0,0.0,0.0,0.0,0.0,0.0,0.0,0.0,0.0,0.0,0.0,0.0,122.812,0.0,0.0,0.0,0.0,0.0,0.0,0.0,0.0,0.0,0.0,0.0,0.0,0.0,6.2989999999999995,86.381,0.0,0.0,240.438,0.0,0.003,0.0,0.0,0.0,0.0,0.0,0.0,0.0,83.661,0.0,0.0,0.0,0.0,0.0,0.0,0.0,0.0,0.0,0.0,0.0,0.0,0.0,0.0,0.0,0.0,0.0,0.0,0.0,0.0,0.0,0.0,0.0,0.0,0.0,0.0,0.0,4.8629999999999995,24.199000000000005,0.0,0.0,24.016000000000002,0.0,0.003,0.0,0.0,0.0,0.0,0.0,0.0,0.0,0.0,13.921,0.0,0.0,185.88799999999998,0.0,0.0,0.0,0.0,0.0,122.812,333.121,83.661,0.0,53.081,199.80899999999997
5,2011,Italy,Domestic,Birds,0.0,0.0,0.0,0.0,0.0,0.0,0.0,0.0,0.0,0.0,0.0,0.0,0.0,0.0,0.0,0.0,0.0,0.0,0.0,0.0,0.0,61.513000000000005,0.0,0.0,0.0,0.0,0.0,40.0,0.0,0.0,0.0,0.0,0.0,0.0,0.0,1.3250000000000002,0.0,0.0,0.0,0.0,0.0,40.0,0.0,0.0,0.0,0.0,0.0,0.0,0.0,55.892,0.0,0.0,0.0,0.0,0.0,0.0,0.0,0.0,0.0,0.0,0.0,0.0,0.0,0.0,0.0,0.0,0.0,0.0,0.0,0.0,0.0,0.0,0.0,0.0,0.0,0.0,0.0,0.23,0.0,0.0,0.0,0.0,0.0,0.0,0.0,0.0,0.0,0.0,0.0,0.0,0.0,0.0,0.0,0.0,0.0,0.0,0.0,0.0,0.0,101.513,41.325,55.892,0.0,0.23,0.0
6,2011,Netherlands,Domestic,Birds,0.0,0.0,0.0,0.0,0.0,0.0,0.0,0.0,0.0,0.0,0.0,0.0,0.0,0.0,0.0,0.0,1.091,0.0,0.0,0.0,0.0,190.3,0.0,0.0,36.45,0.0,0.0,0.0,0.0,0.0,0.037000000000000005,0.0,0.0,0.0,0.0,0.022,0.0,0.0,14.4,0.0,0.0,0.0,0.0,0.0,0.0,0.0,0.0,0.0,0.0,190.27800000000002,0.0,0.0,0.0,0.0,0.0,0.0,0.0,0.0,0.0,0.0,0.0,0.0,0.0,0.0,0.0,0.0,36.45,0.0,0.0,0.0,0.0,0.0,0.0,0.0,0.0,0.0,0.0,0.001,0.0,0.0,0.0,0.0,0.0,0.0,0.0,0.0,0.0,0.0,0.0,0.0,0.0,0.0,0.0,0.0,0.0,0.0,0.0,0.0,0.0,227.841,14.459,190.27800000000002,36.45,0.001,0.0
7,2011,Poland,Domestic,Birds,0.0,0.0,0.0,0.0,0.0,0.0,0.0,0.0,0.0,0.0,0.0,0.0,0.0,0.0,0.0,0.0,0.0,0.0,0.0,0.0,0.0,0.0,24.948,0.0,0.556,0.0,0.0,27.496000000000002,0.0,0.0,0.0,0.0,0.0,0.0,0.0,0.0,19.888,0.0,0.278,0.0,0.0,27.181,0.0,0.0,0.0,0.0,0.0,0.0,0.0,0.0,0.0,0.0,0.0,0.0,0.0,0.0,0.0,0.0,0.0,0.0,0.0,0.0,0.0,0.0,0.0,0.0,0.0,0.0,0.0,0.0,0.0,0.0,0.0,0.0,0.0,0.0,0.0,0.0,0.0,0.0,0.07200000000000001,0.0,0.0,0.07500000000000001,0.0,0.0,0.0,0.0,0.0,0.0,0.0,0.0,0.0,0.0,0.0,0.0,0.0,0.0,0.0,53.0,47.347,0.0,0.0,0.14700000000000002,0.0
8,2011,Spain,Domestic,Birds,0.0,0.0,0.0,0.0,0.0,0.0,0.0,0.0,0.0,0.0,0.0,0.0,0.0,0.0,0.0,0.0,0.0,0.0,0.0,0.0,0.0,0.0,0.004,0.0,0.0,0.0,0.0,0.0,0.0,0.0,0.0,0.0,0.0,0.0,0.0,0.0,0.005,0.0,0.0,0.0,0.0,0.0,0.0,0.0,0.0,0.0,0.0,0.0,0.0,0.0,0.0,0.0,0.0,0.0,0.0,0.0,0.0,0.0,0.0,0.0,0.0,0.0,0.0,0.0,0.0,0.0,0.0,0.0,0.0,0.0,0.0,0.0,0.0,0.0,0.0,0.0,0.0,0.0,0.0,0.0,0.0,0.0,0.0,0.0,0.0,0.0,0.0,0.0,0.0,0.0,0.0,0.0,0.0,0.0,0.0,0.0,0.0,0.0,0.0,0.004,0.005,0.0,0.0,0.0,0.0
9,2011,United Kingdom,Domestic,Birds,0.0,0.0,0.0,0.0,0.0,0.0,0.0,0.0,0.0,0.0,0.0,0.0,0.0,0.0,0.0,0.0,0.0,0.0,0.0,0.0,0.0,0.0,0.0,0.0,0.0,0.0,0.0,0.0,0.17400000000000002,0.030000000000000002,0.0,0.001,0.0,0.0,0.095,0.0,0.004,0.0,0.002,0.0,0.004,0.0,0.0,0.0,0.0,0.0,0.0,0.0,0.0,0.0,0.0,0.0,0.0,0.0,0.0,0.0,0.0,0.0,0.0,0.0,0.0,0.0,0.0,0.0,0.0,0.0,0.0,0.0,0.0,0.0,0.0,0.0,0.0,0.0,0.0,0.0,0.0,0.0,0.0,0.0,0.0,0.0,0.0,0.0,0.0,0.0,0.0,0.0,0.0,0.0,0.0,0.0,0.0,0.0,0.0,0.0,0.0,0.0,0.0,0.0,0.31000000000000005,0.0,0.0,0.0,0.0
10,2011,United States of America,Domestic,Birds,0.0,0.0,0.0,0.0,0.0,0.0,0.0,0.0,0.0,0.0,0.0,0.0,0.0,0.0,0.0,0.0,0.0,0.0,0.0,0.0,0.0,34.5,0.0,0.0,0.0,0.0,0.0,0.0,0.0,0.0,0.0,0.0,0.0,0.0,0.0,0.0,0.0,0.0,0.0,0.0,0.0,0.0,0.0,0.0,0.0,0.0,0.0,0.0,0.0,15.0,0.0,0.0,0.0,0.0,0.0,0.0,0.0,0.0,0.0,0.0,0.0,0.0,0.0,17.0,0.0,0.0,0.0,0.0,0.0,0.0,0.0,0.0,0.0,0.0,0.0,0.0,0.0,0.0,0.0,0.0,0.0,0.0,0.0,0.0,0.0,0.0,0.0,0.0,0.0,0.0,0.0,0.0,0.0,0.0,0.0,0.0,0.0,0.0,0.0,34.5,0.0,15.0,17.0,0.0,0.0
11,2012,Brazil,Domestic,Birds,0.0,0.0,0.0,0.0,0.0,0.0,0.0,0.0,0.0,0.0,0.0,0.0,0.0,0.0,1206.273,3298.428,0.0,0.0,0.0,0.0,279.40000000000003,0.0,197.342,0.0,47.300000000000004,0.0,0.0,124.32000000000001,336.27700000000004,96.612,0.0,0.0,0.0,0.0,363.469,0.0,278.687,0.0,36.227000000000004,0.0,0.0,22.211999999999996,2.8,0.0,0.0,0.0,0.0,0.0,0.0,0.0,0.002,0.0,16.112000000000002,0.0,0.0,37.377,0.0,0.0,0.0,0.0,0.0,0.0,0.0,0.0,0.0,0.0,137.874,0.0,0.0,0.0,84.122,75.707,0.0,0.0,0.0,0.0,14.205,0.0,52.828,0.0,16.125,0.0,0.0,4.407,0.0,0.0,0.0,0.0,0.0,0.0,0.0,0.0,0.0,0.0,0.0,0.0,0.0,0.0,0.0,5153.062999999999,1133.4840000000002,56.291000000000004,137.874,247.39400000000003,0.0
12,2012,China (People's Rep. of),Domestic,Birds,0.0,0.0,0.0,0.0,0.0,0.0,0.0,0.0,0.0,0.0,0.0,0.0,0.0,0.0,2088.1270000000004,2027.1579999999997,3.0,472.4820000000001,0.0,1641.7689999999998,2605.0200000000004,0.0,0.0,814.7610000000001,14700.168,0.0,0.0,239.264,215.88499999999996,214.99299999999994,1.5,49.651,0.0,49.637,330.89900000000006,0.0,0.0,114.20499999999998,1323.6949999999997,0.0,0.0,8.905000000000003,8.667,1.804,0.0,2.8360000000000003,0.0,1623.1360000000002,0.176,0.0,0.0,172.57199999999997,27.052000000000003,0.0,0.0,0.14500000000000002,3.707,1.785,0.0,2.277,0.0,0.0,3.661,0.0,0.0,6.042,22.082,0.0,0.0,1.05,21.333999999999996,19.235999999999997,0.2,13.803,0.0,18.633000000000003,40.46100000000002,0.0,0.0,50.116,112.285,0.0,0.0,1.9720000000000002,854.3839999999999,865.168,0.0,160.172,0.0,590.557,946.1499999999999,0.0,0.0,1079.2490000000005,419.64400000000006,0.0,0.0,18.226,0.0,24591.749,2309.37,1836.388,40.604,278.03999999999996,4933.55
13,2012,Germany,Domestic,Birds,0.0,0.0,0.0,0.0,0.0,0.0,0.0,0.0,0.0,0.0,0.0,0.0,0.0,0.0,0.0,15.94,0.0,0.0,0.0,0.0,207.0,1.522,0.0,0.0,0.0,0.0,0.0,0.0,0.0,0.119,0.0,0.0,0.0,0.0,3.79,0.0,0.0,0.0,0.0,0.0,0.0,0.0,0.0,0.067,0.0,0.0,0.0,0.0,0.0,1.522,0.0,0.0,0.0,0.0,0.0,0.0,0.0,0.0,0.0,0.0,0.0,0.0,13.5,0.0,0.0,0.0,0.0,0.0,0.0,0.0,0.0,0.099,0.0,0.0,0.0,0.0,3.75,0.0,0.0,0.0,0.0,0.0,0.0,0.0,0.0,0.0,0.0,0.0,0.0,0.0,0.0,0.0,0.0,0.0,0.0,0.0,0.0,0.0,0.0,224.462,3.909,1.589,13.5,3.849,0.0
14,2012,India,Domestic,Birds,0.0,0.0,0.0,0.0,0.0,0.0,0.0,0.0,0.0,0.0,0.0,0.0,0.0,0.0,0.0,0.0,0.0,0.0,0.0,207.56,0.0,0.0,0.0,0.0,0.0,0.0,0.0,0.0,0.0,0.0,0.0,0.0,0.0,24.128,59.671,0.0,0.0,177.26199999999997,0.0,0.0,0.0,38.47800000000001,0.0,0.0,0.0,0.0,0.0,166.882,0.0,0.0,0.0,0.0,0.0,0.0,0.0,0.0,0.0,0.0,0.0,0.0,0.0,0.0,0.0,0.0,0.0,0.0,0.0,0.0,0.0,0.0,0.0,0.0,0.0,0.0,0.0,24.128,13.264000000000001,0.0,0.0,34.488,0.0,0.0,0.0,24.868,0.0,0.0,0.0,0.0,0.0,0.0,1.6800000000000002,0.0,0.0,549.207,0.0,0.0,0.0,0.0,0.0,207.56,299.539,166.882,0.0,96.74799999999999,550.887
15,2012,Italy,Domestic,Birds,0.0,0.0,0.0,0.0,0.0,0.0,0.0,0.0,0.0,0.0,0.0,0.0,0.0,0.0,0.0,3.0,0.0,0.0,0.0,0.0,0.0,161.05200000000002,0.0,0.305,0.0,0.0,0.0,0.0,0.0,0.188,0.0,0.0,0.0,0.0,0.0,103.63700000000001,0.0,0.036000000000000004,0.0,0.0,0.0,0.0,0.0,0.0,0.0,0.0,0.0,0.0,0.0,128.365,0.0,0.101,0.0,0.0,0.0,0.0,0.0,0.0,0.0,0.0,0.0,0.0,0.0,0.0,0.0,0.0,0.0,0.0,0.0,0.0,0.0,0.188,0.0,0.0,0.0,0.0,0.0,0.30500000000000005,0.0,0.019,0.0,0.0,0.0,0.0,0.0,0.0,0.0,0.0,0.0,0.0,0.0,0.0,0.0,0.0,0.0,0.0,0.0,0.0,0.0,164.35700000000003,103.86100000000002,128.466,0.0,0.512,0.0
16,2012,Netherlands,Domestic,Birds,0.0,0.0,0.0,0.0,0.0,0.0,0.0,0.0,0.0,0.0,0.0,0.0,0.0,0.0,0.0,0.0,0.059000000000000004,0.0,0.0,0.0,0.0,76.37,0.0,0.0,0.0,0.0,0.0,0.0,0.0,0.0,0.023,0.0,0.0,0.0,0.0,0.2,0.0,0.0,0.0,0.0,0.0,0.0,0.0,0.0,0.0,0.0,0.0,0.0,0.0,76.37,0.0,0.0,0.0,0.0,0.0,0.0,0.0,0.0,0.0,0.0,0.0,0.0,0.0,0.0,0.0,0.0,0.0,0.0,0.0,0.0,0.0,0.0,0.001,0.0,0.0,0.0,0.0,0.0,0.0,0.0,0.0,0.0,0.0,0.0,0.0,0.0,0.0,0.0,0.0,0.0,0.0,0.0,0.0,0.0,0.0,0.0,0.0,0.0,0.0,76.429,0.223,76.37,0.0,0.001,0.0
17,2012,Poland,Domestic,Birds,0.0,0.0,0.0,0.0,0.0,0.0,0.0,0.0,0.0,0.0,0.0,0.0,0.0,0.0,0.0,0.0,0.925,0.0,0.0,0.0,0.0,0.0,132.055,0.0,0.0,0.0,0.0,7.38,0.0,0.0,0.8,0.0,0.0,0.0,0.0,0.0,81.423,0.0,0.0,0.0,0.0,7.132000000000001,0.0,0.0,0.0,0.0,0.0,0.0,0.0,0.0,0.0,0.0,0.0,0.0,0.0,0.0,0.0,0.0,0.0,0.0,0.0,0.0,0.0,0.0,0.0,0.0,0.0,0.0,0.0,0.0,0.0,0.0,0.467,0.0,0.0,0.0,0.0,0.0,0.7000000000000001,0.0,0.0,0.0,0.0,0.05,0.0,0.0,0.0,0.0,0.0,0.0,0.0,0.0,0.0,0.0,0.0,0.0,0.0,0.0,0.0,140.36,89.355,0.0,0.0,1.217,0.0
18,2012,United Kingdom,Domestic,Birds,0.0,0.0,0.0,0.0,0.0,0.0,0.0,0.0,0.0,0.0,0.0,0.0,0.0,0.0,0.0,0.0,0.0,0.0,0.0,0.0,0.0,0.0,0.0,0.0,0.0,0.0,0.0,398.0,0.121,0.013000000000000001,0.001,0.0,0.0,0.0,0.02,0.0,0.0,0.0,0.001,0.0,0.0,38.0,0.0,0.0,0.0,0.0,0.0,0.0,0.0,0.0,0.0,0.0,0.0,0.0,0.0,112.0,0.0,0.0,0.0,0.0,0.0,0.0,0.0,0.0,0.0,0.0,0.0,0.0,0.0,124.0,0.0,0.0,0.0,0.0,0.0,0.0,0.0,0.0,0.0,0.0,0.0,0.0,0.0,38.0,0.0,0.0,0.0,0.0,0.0,0.0,0.0,0.0,0.0,0.0,0.0,0.0,0.0,0.0,0.0,398.0,38.156,112.0,124.0,38.0,0.0
19,2013,Brazil,Domestic,Birds,0.0,0.0,0.0,0.0,0.0,0.0,0.0,0.0,0.0,0.0,0.0,0.0,0.0,0.0,2018.214,0.0,0.0,0.0,0.0,0.0,799.0,0.0,1235.714,0.0,0.0,0.0,0.0,0.0,346.41,0.0,0.0,0.0,0.0,0.0,241.23200000000003,0.0,330.66999999999996,0.0,0.0,0.0,0.0,0.0,5.29,0.0,0.0,0.0,0.0,0.0,0.0,0.0,0.0,0.0,0.0,0.0,0.0,0.0,0.0,0.0,0.0,0.0,0.0,0.0,0.0,0.0,0.0,0.0,0.0,0.0,0.0,0.0,9.322999999999999,0.0,0.0,0.0,0.0,0.0,8.587000000000002,0.0,0.001,0.0,0.0,0.0,0.0,0.0,0.0,0.0,0.0,0.0,0.0,0.0,0.0,0.0,0.0,0.0,0.0,0.0,0.0,0.0,0.0,4052.928,918.312,5.29,0.0,17.911,0.0
20,2013,China (People's Rep. of),Domestic,Birds,0.0,0.0,0.0,0.0,0.0,0.0,0.0,0.0,0.0,0.0,0.0,0.0,0.0,0.0,4501.903999999999,2683.541,0.78,351.40599999999995,0.0,481.796,2089.321,25.497,0.0,374.02399999999994,15476.534999999998,0.0,0.0,259.82800000000003,411.00799999999987,285.41499999999996,0.016,53.628000000000014,0.0,39.035,242.95100000000005,0.09300000000000001,0.0,21.362,1309.8949999999995,0.0,0.0,10.844999999999997,3.3770000000000002,0.537,0.0,0.364,0.0,444.26099999999997,0.0,116.562,0.0,0.42,13.479000000000001,0.0,0.0,0.0,2.2250000000000005,12.649,0.0,4.162000000000001,0.0,0.0,1.1,0.0,0.0,3.8920000000000003,7.790999999999999,0.0,0.0,0.383,35.503,31.490999999999993,0.0,13.583999999999998,0.0,37.535,30.50700000000001,0.001,0.0,13.05,132.68399999999997,0.0,0.0,1.9350000000000003,1398.2089999999998,877.3580000000001,0.0,139.478,0.0,1.18,1021.9469999999998,0.0,0.0,151.337,187.32999999999998,0.0,0.0,12.036000000000001,0.0,26244.631999999998,2374.247999999999,579.0,32.202000000000005,296.29,3788.8749999999995
21,2013,Germany,Domestic,Birds,0.0,0.0,0.0,0.0,0.0,0.0,0.0,0.0,0.0,0.0,0.0,0.0,0.0,0.0,0.0,0.0,0.0,0.0,0.0,0.0,0.0,120.45500000000001,0.0,0.0,0.0,0.0,0.0,0.0,0.0,0.014,0.0,0.0,0.0,0.0,0.009000000000000001,0.556,0.0,0.0,0.0,0.0,0.0,0.0,0.0,0.0,0.0,0.0,0.0,0.0,0.0,120.34800000000001,0.0,0.0,0.0,0.0,0.0,0.0,0.0,0.0,0.0,0.0,0.0,0.0,0.0,0.0,0.0,0.0,0.0,0.0,0.0,0.0,0.0,0.0,0.0,0.0,0.0,0.0,0.0,0.005,0.0,0.0,0.0,0.0,0.0,0.0,0.0,0.0,0.0,0.0,0.0,0.0,0.0,0.0,0.0,0.0,0.0,0.0,0.0,0.0,0.0,120.45500000000001,0.5790000000000001,120.34800000000001,0.0,0.005,0.0
22,2013,India,Domestic,Birds,0.0,0.0,0.0,0.0,0.0,0.0,0.0,0.0,0.0,0.0,0.0,0.0,0.0,0.0,0.0,0.0,0.0,0.0,0.0,24.143,0.0,0.0,0.0,0.0,0.0,0.0,0.0,0.0,0.0,0.0,0.0,0.0,0.0,4.402,230.81999999999994,0.0,0.0,179.21800000000005,0.0,0.0,0.0,63.117999999999995,0.0,0.0,0.0,0.0,0.0,20.949,0.0,0.0,0.0,0.0,0.0,0.0,0.0,0.0,0.0,0.0,0.0,0.0,0.0,0.0,0.0,0.0,0.0,0.0,0.0,0.0,0.0,0.0,0.0,0.0,0.0,0.0,0.0,3.194,28.434,0.0,0.0,23.275000000000002,0.0,0.0,0.0,26.002,0.0,0.0,0.0,0.0,0.0,0.0,15.655000000000001,0.0,0.0,149.737,0.0,0.0,0.0,0.0,0.0,24.143,477.55799999999994,20.949,0.0,80.905,165.392
23,2013,Italy,Domestic,Birds,0.0,0.0,0.0,0.0,0.0,0.0,0.0,0.0,0.0,0.0,0.0,0.0,0.0,0.0,0.0,0.0,0.0,0.0,0.0,1178.861,0.0,11.168,0.0,0.0,0.0,0.0,0.0,0.0,0.0,0.0,0.0,0.0,0.0,256.875,0.0,4.168,0.0,0.0,0.0,0.0,0.0,0.0,0.0,0.0,0.0,0.0,0.0,1169.173,0.0,11.129000000000001,0.0,0.0,0.0,0.0,0.0,0.0,0.0,0.0,0.0,0.0,0.0,0.0,0.0,0.0,0.0,0.0,0.0,0.0,0.0,0.0,0.0,0.0,0.0,0.0,0.0,9.687999999999999,0.0,0.0,0.0,0.0,0.0,0.0,0.0,0.0,0.0,0.0,0.0,0.0,0.0,0.0,0.0,0.0,0.0,0.0,0.0,0.0,0.0,0.0,0.0,1190.029,261.043,1180.302,0.0,9.687999999999999,0.0
24,2013,Netherlands,Domestic,Birds,0.0,0.0,0.0,0.0,0.0,0.0,0.0,0.0,0.0,0.0,0.0,0.0,0.0,0.0,0.0,0.0,0.41800000000000004,0.0,0.0,0.0,0.0,144.44400000000002,0.0,0.0,0.0,0.0,0.0,0.0,0.0,0.0,0.031,0.0,0.0,0.0,0.0,5.306,0.0,0.0,0.0,0.0,0.0,0.0,0.0,0.0,0.0,0.0,0.0,0.0,0.0,144.38400000000001,0.0,0.0,0.0,0.0,0.0,0.0,0.0,0.0,0.0,0.0,0.0,0.0,0.0,0.0,0.0,0.0,0.0,0.0,0.0,0.0,0.0,0.0,0.028,0.0,0.0,0.0,0.0,0.0,0.0,0.0,0.0,0.0,0.0,0.0,0.0,0.0,0.0,0.0,0.0,0.0,0.0,0.0,0.0,0.0,0.0,0.0,0.0,0.0,0.0,144.86200000000002,5.337,144.38400000000001,0.0,0.028,0.0
25,2013,Poland,Domestic,Birds,0.0,0.0,0.0,0.0,0.0,0.0,0.0,0.0,0.0,0.0,0.0,0.0,0.0,0.0,0.0,0.0,0.0,0.0,0.0,0.0,0.0,0.0,214.13600000000002,0.0,0.0,0.0,0.0,0.051000000000000004,0.0,0.0,0.0,0.0,0.0,0.0,0.0,0.0,103.349,0.0,0.0,0.0,0.0,0.025,0.0,0.0,0.0,0.0,0.0,0.0,0.0,0.0,0.0,0.0,0.0,0.0,0.0,0.0,0.0,0.0,0.0,0.0,0.0,0.0,0.0,0.0,52.903,0.0,0.0,0.0,0.0,0.0,0.0,0.0,0.0,0.0,0.0,0.0,0.0,0.0,0.64,0.0,0.0,0.0,0.0,0.001,0.0,0.0,0.0,0.0,0.0,0.0,0.0,0.0,0.0,0.0,0.0,0.0,0.0,0.0,0.0,214.187,103.37400000000001,0.0,52.903,0.641,0.0
26,2013,Spain,Domestic,Birds,0.0,0.0,0.0,0.0,0.0,0.0,0.0,0.0,0.0,0.0,0.0,0.0,0.0,0.0,0.0,0.0,0.001,0.0,0.0,0.0,0.0,13.0,0.0,0.0,0.0,0.0,0.0,0.0,0.0,0.0,0.001,0.0,0.0,0.0,0.0,0.26,0.0,0.0,0.0,0.0,0.0,0.0,0.0,0.0,0.001,0.0,0.0,0.0,0.0,12.74,0.0,0.0,0.0,0.0,0.0,0.0,0.0,0.0,0.0,0.0,0.0,0.0,0.0,0.0,0.0,0.0,0.0,0.0,0.0,0.0,0.0,0.0,0.0,0.0,0.0,0.0,0.0,0.26,0.0,0.0,0.0,0.0,0.0,0.0,0.0,0.0,0.0,0.0,0.0,0.0,0.0,0.0,0.0,0.0,0.0,0.0,0.0,0.0,0.0,13.001,0.261,12.741,0.0,0.26,0.0
27,2013,United Kingdom,Domestic,Birds,0.0,0.0,0.0,0.0,0.0,0.0,0.0,0.0,0.0,0.0,0.0,0.0,0.0,0.0,0.0,0.0,0.0,0.0,0.0,0.0,0.0,0.0,0.0,0.0,0.0,0.0,0.0,60.0,0.0,0.0,0.001,0.0,0.0,0.0,0.0,0.0,0.001,0.0,0.0,0.0,0.0,1.2,0.0,0.0,0.0,0.0,0.0,0.0,0.0,0.0,0.0,0.0,0.0,0.0,0.0,58.800000000000004,0.0,0.0,0.0,0.0,0.0,0.0,0.0,0.0,0.0,0.0,0.0,0.0,0.0,0.0,0.0,0.0,0.0,0.0,0.0,0.0,0.0,0.0,0.0,0.0,0.0,0.0,0.0,1.2,0.0,0.0,0.0,0.0,0.0,0.0,0.0,0.0,0.0,0.0,0.0,0.0,0.0,0.0,0.0,60.0,1.202,58.800000000000004,0.0,1.2,0.0
28,2013,United States of America,Domestic,Birds,0.0,0.0,0.0,0.0,0.0,0.0,0.0,0.0,0.0,0.0,0.0,0.0,0.0,0.0,0.0,0.0,0.0,0.0,0.0,0.0,0.0,9.8,0.0,0.0,0.0,0.0,0.0,0.0,0.0,0.0,0.0,0.0,0.0,0.0,0.0,0.0,0.0,0.0,0.0,0.0,0.0,0.0,0.0,0.0,0.0,0.0,0.0,0.0,0.0,9.8,0.0,0.0,0.0,0.0,0.0,0.0,0.0,0.0,0.0,0.0,0.0,0.0,0.0,0.0,0.0,0.0,0.0,0.0,0.0,0.0,0.0,0.0,0.0,0.0,0.0,0.0,0.0,0.0,0.0,0.0,0.0,0.0,0.0,0.0,0.0,0.0,0.0,0.0,0.0,0.0,0.0,0.0,0.0,0.0,0.0,0.0,0.0,0.0,0.0,9.8,0.0,9.8,0.0,0.0,0.0
29,2014,Brazil,Domestic,Birds,0.0,0.0,0.0,0.0,0.0,0.0,0.0,0.0,0.0,0.0,0.0,0.0,0.0,0.0,2298.46,0.0,0.0,0.0,0.0,0.0,421.8,0.0,636.222,0.0,87.8,0.0,0.0,0.0,414.879,0.0,0.0,0.0,0.0,0.0,215.557,0.0,609.9,0.0,87.8,0.0,0.0,0.0,9.274,0.0,0.0,0.0,0.0,0.0,0.0,0.0,0.005,0.0,0.0,0.0,0.0,0.0,0.0,0.0,0.0,0.0,0.0,0.0,0.044,0.0,34.455,0.0,87.8,0.0,0.0,0.0,13.262,0.0,0.0,0.0,0.0,0.0,4.086,0.0,21.644000000000002,0.0,0.0,0.0,0.0,0.0,0.0,0.0,0.0,0.0,0.0,0.0,0.0,0.0,0.0,0.0,0.0,0.0,0.0,0.0,0.0,3444.282,1328.136,9.279,122.29899999999999,38.992000000000004,0.0
30,2014,China (People's Rep. of),Domestic,Birds,0.0,0.0,0.0,0.0,0.0,0.0,0.0,0.0,0.0,0.0,0.0,0.0,0.0,0.0,4614.521,2110.6270000000004,7.7620000000000005,373.684,0.0,1059.525,1633.9690000000003,807.1750000000001,0.0,90.74000000000001,14094.658,0.0,0.0,238.259,413.54,310.37499999999994,5.151,35.799,0.0,60.538000000000004,222.10999999999999,0.127,0.0,14.028999999999998,1250.871,0.0,0.0,26.732000000000003,35.80199999999999,33.976,0.002,9.904000000000002,0.0,1007.9590000000001,31.240000000000006,807.2950000000001,0.0,4.223,121.15699999999997,0.0,0.0,2.4829999999999997,1.085,0.443,0.0,0.246,0.0,0.0,0.27,0.0,0.0,0.01,4.940999999999999,0.0,0.0,0.028999999999999998,18.887999999999998,16.137999999999998,0.002,4.897,0.0,51.566,15.243000000000004,0.0,0.0,6.459,74.84299999999999,0.0,0.0,2.7529999999999997,927.1050000000002,588.3190000000001,0.0,121.32300000000001,0.0,0.0,579.347,0.0,0.0,21.932000000000002,398.8960000000001,0.0,0.0,21.866,0.0,25030.92,2339.272,2054.041,7.023999999999999,190.789,2658.7880000000005
31,2014,Germany,Domestic,Birds,0.0,0.0,0.0,0.0,0.0,0.0,0.0,0.0,0.0,0.0,0.0,0.0,0.0,0.0,10.4,18.297,0.0,0.0,0.0,58.928,164.078,40.055,0.0,0.0,0.0,0.0,0.0,0.0,5.2,0.151,0.139,0.0,0.0,9.09,164.078,0.049,0.0,0.0,0.0,0.0,0.0,0.0,0.0,0.301,0.0,0.0,0.0,56.849000000000004,0.0,40.006,0.0,0.0,0.0,0.0,0.0,0.0,0.0,0.003,0.0,0.0,0.0,0.0,157.92600000000002,0.0,0.0,0.0,0.0,0.0,0.0,0.0,0.03,0.112,0.0,0.0,0.0,2.079,6.152,0.049,0.0,0.0,0.0,0.0,0.0,0.0,0.0,0.0,0.0,0.0,0.0,0.0,0.0,0.0,0.0,0.0,0.0,0.0,0.0,0.0,0.0,291.758,178.70700000000002,97.156,157.929,8.422,0.0
32,2014,India,Domestic,Birds,0.0,0.0,0.0,0.0,0.0,0.0,0.0,0.0,0.0,0.0,0.0,0.0,0.0,0.0,0.0,0.0,0.0,0.0,0.0,502.966,0.0,0.0,0.0,0.0,0.0,0.0,0.0,0.0,0.0,0.0,0.0,0.0,0.0,31.522,1040.8069999999998,0.0,0.0,1052.6330000000003,0.0,0.0,0.0,155.82,0.0,0.0,0.0,0.0,0.0,471.366,0.0,0.0,0.0,0.0,0.0,0.0,0.0,0.0,0.0,0.0,0.0,0.0,0.0,0.0,0.0,0.0,0.0,0.0,0.0,0.0,0.0,0.0,0.0,0.0,0.0,0.0,0.0,31.522,22.127,0.0,0.0,18.943,0.0,0.0,0.0,2.8530000000000006,0.0,0.0,0.0,0.0,0.0,0.0,113.7,0.0,0.0,2149.9129999999996,0.0,0.0,0.0,11.846,0.0,502.966,2280.782,471.366,0.0,75.445,2275.4589999999994
33,2014,Italy,Domestic,Birds,0.0,0.0,0.0,0.0,0.0,0.0,0.0,0.0,0.0,0.0,0.0,0.0,0.0,0.0,0.0,0.0,0.0,0.0,0.0,31.985,0.0,10.312000000000001,0.0,0.0,0.0,0.0,0.0,25.121000000000002,0.0,0.0,0.0,0.0,0.0,1.982,0.0,0.171,0.0,0.0,0.0,0.0,0.0,12.501,0.0,0.0,0.0,0.0,0.0,30.003,0.0,10.294,0.0,0.0,0.0,0.0,0.0,12.620000000000001,0.0,0.0,0.0,0.0,0.0,0.0,0.0,0.0,0.0,0.0,0.0,0.0,0.0,0.0,0.0,0.0,0.0,0.0,0.0,1.982,0.0,0.001,0.0,0.0,0.0,0.0,0.0,12.501,0.0,0.0,0.0,0.0,0.0,0.0,0.0,0.0,0.0,0.0,0.0,0.0,0.0,0.0,0.0,67.418,14.654,52.917,0.0,14.484,0.0
34,2014,Netherlands,Domestic,Birds,0.0,0.0,0.0,0.0,0.0,0.0,0.0,0.0,0.0,0.0,0.0,0.0,0.0,0.0,0.0,0.0,0.035,0.0,0.0,245.6,0.0,50.778000000000006,0.0,0.0,0.0,0.0,0.0,0.0,0.0,0.0,0.005,0.0,0.0,1.725,0.0,0.0,0.0,0.0,0.0,0.0,0.0,0.0,0.0,0.0,0.0,0.0,0.0,244.0,0.0,50.778000000000006,0.0,0.0,0.0,0.0,0.0,0.0,0.0,0.0,0.0,0.0,0.0,0.0,0.0,0.0,0.0,0.0,0.0,0.0,0.0,0.0,0.0,0.0,0.0,0.0,0.0,1.6,0.0,0.0,0.0,0.0,0.0,0.0,0.0,0.0,0.0,0.0,0.0,0.0,0.0,0.0,0.0,0.0,0.0,0.0,0.0,0.0,0.0,0.0,0.0,296.413,1.73,294.778,0.0,1.6,0.0
35,2014,Poland,Domestic,Birds,0.0,0.0,0.0,0.0,0.0,0.0,0.0,0.0,0.0,0.0,0.0,0.0,0.0,0.0,0.0,0.0,0.0,0.0,0.0,0.0,0.0,0.0,14.763000000000002,0.0,0.0,0.0,0.0,10.96,0.0,0.0,0.0,0.0,0.0,0.0,0.0,0.0,14.527000000000001,0.0,0.0,0.0,0.0,10.903,0.0,0.0,0.0,0.0,0.0,0.0,0.0,0.0,0.0,0.0,0.0,0.0,0.0,0.0,0.0,0.0,0.0,0.0,0.0,0.0,0.0,0.0,8.259,0.0,0.0,0.0,0.0,0.0,0.0,0.0,0.0,0.0,0.0,0.0,0.0,0.0,0.0,0.0,0.0,0.0,0.0,0.0,0.0,0.0,0.0,0.0,0.0,0.0,0.0,0.0,0.0,0.0,0.0,0.0,0.0,0.0,0.0,25.723000000000003,25.43,0.0,8.259,0.0,0.0
36,2014,Spain,Domestic,Birds,0.0,0.0,0.0,0.0,0.0,0.0,0.0,0.0,0.0,0.0,0.0,0.0,0.0,0.0,0.0,0.0,0.0,0.0,0.0,0.0,0.0,0.0,0.0,0.0,0.0,0.0,0.0,0.0,0.0,0.0,0.0,0.0,0.0,0.0,0.0,0.0,0.0,0.0,0.0,0.0,0.0,0.0,0.0,0.0,0.0,0.0,0.0,0.0,0.0,0.0,0.0,0.0,0.0,0.0,0.0,0.0,0.0,0.0,0.0,0.0,0.0,0.0,0.0,0.0,0.0,0.0,0.0,0.0,0.0,0.0,0.0,0.0,0.0,0.0,0.0,0.0,0.0,0.0,0.0,0.0,0.0,0.0,0.0,0.0,0.0,0.0,0.0,0.0,0.0,0.0,0.0,0.0,0.0,0.0,0.0,0.0,0.0,0.0,0.0,0.0,0.0,0.0,0.0,0.0,0.0
37,2014,United Kingdom,Domestic,Birds,0.0,0.0,0.0,0.0,0.0,0.0,0.0,0.0,0.0,0.0,0.0,0.0,0.0,0.0,0.0,0.0,0.0,0.0,0.0,6.178,0.0,0.0,0.0,0.0,0.0,0.0,0.0,0.0,0.0,0.0,0.0,0.0,0.0,0.803,0.0,0.0,0.0,0.0,0.0,0.0,0.0,0.0,0.0,0.0,0.0,0.0,0.0,5.375,0.0,0.0,0.0,0.0,0.0,0.0,0.0,0.0,0.0,0.0,0.0,0.0,0.0,0.0,0.0,0.0,0.0,0.0,0.0,0.0,0.0,0.0,0.0,0.0,0.0,0.0,0.0,0.803,0.0,0.0,0.0,0.0,0.0,0.0,0.0,0.0,0.0,0.0,0.0,0.0,0.0,0.0,0.0,0.0,0.0,0.0,0.0,0.0,0.0,0.0,0.0,6.178,0.803,5.375,0.0,0.803,0.0
38,2014,United States of America,Domestic,Birds,0.0,0.0,0.0,0.0,0.0,0.0,0.0,0.0,0.0,0.0,0.0,0.0,0.0,0.0,0.0,0.0,0.0,0.0,0.0,0.383,0.0,167.2,0.0,0.0,0.0,0.0,0.0,0.0,0.0,0.0,0.0,0.0,0.0,0.065,0.0,0.0,0.0,0.0,0.0,0.0,0.0,0.0,0.0,0.0,0.0,0.0,0.0,0.318,0.0,116.0,0.0,0.0,0.0,0.0,0.0,0.0,0.0,0.0,0.0,0.0,0.0,0.0,0.0,0.0,0.0,0.0,0.0,0.0,0.0,0.0,0.0,0.0,0.0,0.0,0.0,0.065,0.0,0.0,0.0,0.0,0.0,0.0,0.0,0.0,0.0,0.0,0.0,0.0,0.0,0.0,0.0,0.0,0.0,0.0,0.0,0.0,0.0,0.0,0.0,167.583,0.065,116.318,0.0,0.065,0.0
39,2015,Brazil,Domestic,Birds,0.0,0.0,0.0,0.0,0.0,0.0,0.0,0.0,0.0,0.0,0.0,0.0,0.0,0.0,6689.201,150.0,0.0,0.0,0.0,0.0,85.852,0.0,4348.625999999999,0.0,0.0,0.0,0.0,0.0,631.232,0.03,0.0,0.0,0.0,0.0,17.852,0.0,3435.738,0.0,0.0,0.0,0.0,0.0,0.0,0.006,0.0,0.0,0.0,0.0,0.0,0.0,10.016,0.0,0.0,0.0,0.0,0.0,993.561,1.2,0.0,0.0,0.0,0.0,0.0,0.0,192.786,0.0,0.0,0.0,0.0,0.0,79.78000000000002,0.0,0.0,0.0,0.0,0.0,3.686,0.0,12.679,0.0,0.0,0.0,0.0,0.0,0.0,0.0,0.0,0.0,0.0,0.0,0.0,0.0,0.0,0.0,0.0,0.0,0.0,0.0,0.0,11273.679,4084.852,10.022,1187.547,96.14500000000001,0.0
40,2015,China (People's Rep. of),Domestic,Birds,0.0,0.0,0.0,0.0,0.0,0.0,0.0,0.0,0.0,0.0,0.0,0.0,0.0,0.0,4750.234,2286.0549999999994,24.564999999999998,585.6840000000001,0.0,280.512,2064.598,16.454,0.0,249.49800000000002,16628.556999999997,0.0,0.0,154.58699999999996,478.82999999999987,222.21899999999997,3.3770000000000002,53.538,0.0,45.042,255.95900000000003,5.3870000000000005,0.0,13.959,1331.7119999999998,0.0,0.0,15.428999999999998,43.80300000000001,26.113999999999997,0.21600000000000003,11.284999999999998,0.0,262.137,30.788999999999994,0.032,0.0,4.012,132.86500000000007,0.0,0.0,3.1509999999999994,0.674,0.421,0.0,0.7530000000000001,0.0,0.0,1.072,0.0,0.0,0.082,3.5569999999999995,0.0,0.0,0.08299999999999999,43.44900000000001,25.965999999999998,0.21600000000000003,11.835,0.0,18.375,30.236,0.209,0.0,6.46,129.029,0.0,0.0,3.2809999999999997,1154.0119999999997,462.884,0.0,130.127,0.0,221.745,433.84000000000003,71.993,0.0,30.306000000000004,210.54899999999995,0.0,0.0,12.674999999999999,0.0,27040.743999999995,2425.4519999999998,514.404,6.6419999999999995,269.056,2728.131
41,2015,France,Domestic,Birds,0.0,0.0,0.0,0.0,0.0,0.0,0.0,0.0,0.0,0.0,0.0,0.0,0.0,0.0,0.0,0.0,0.0,0.0,0.0,240.325,0.0,44.097,0.0,0.0,0.0,0.0,0.0,0.0,0.0,0.0,0.0,0.0,0.0,4.921,0.0,0.0,0.0,0.0,0.0,0.0,0.0,0.0,0.0,0.0,0.0,0.0,0.0,185.53000000000003,0.0,29.21,0.0,0.0,0.0,0.0,0.0,0.0,0.0,0.0,0.0,0.0,0.0,0.0,0.0,1.783,0.0,0.0,0.0,0.0,0.0,0.0,0.0,0.0,0.0,0.0,0.0,5.349,0.0,0.0,0.0,0.0,0.0,0.0,0.0,0.0,0.0,0.0,0.0,0.0,0.0,0.0,0.0,0.0,0.0,0.0,0.0,0.0,0.0,0.0,0.0,284.42199999999997,4.921,214.74000000000004,1.783,5.349,0.0
42,2015,Germany,Domestic,Birds,0.0,0.0,0.0,0.0,0.0,0.0,0.0,0.0,0.0,0.0,0.0,0.0,0.0,0.0,0.0,39.487,0.0,0.0,0.0,10.238000000000001,475.513,72.7,0.0,0.0,0.0,0.0,0.0,0.0,0.0,0.19,0.221,0.0,0.0,0.056,7.2170000000000005,2.323,0.0,0.0,0.0,0.0,0.0,0.0,0.0,0.011,0.0,0.0,0.0,10.14,0.0,72.6,0.0,0.0,0.0,0.0,0.0,0.0,0.0,0.0,0.0,0.0,0.0,0.0,0.0,0.0,0.0,0.0,0.0,0.0,0.0,0.0,0.0,0.082,0.0,0.0,0.0,0.055,7.206,0.1,0.0,0.0,0.0,0.0,0.0,0.0,0.0,0.0,0.0,0.0,0.0,0.0,0.0,0.0,0.0,0.0,0.0,0.0,0.0,0.0,0.0,597.938,10.007,82.75099999999999,0.0,7.443,0.0
43,2015,India,Domestic,Birds,0.0,0.0,0.0,0.0,0.0,0.0,0.0,0.0,0.0,0.0,0.0,0.0,0.0,0.0,0.0,0.0,0.0,0.0,0.0,457.7,0.0,0.0,0.0,0.0,0.0,0.0,0.0,0.0,0.0,0.0,0.0,0.0,0.0,85.77499999999999,642.4440000000001,0.0,0.0,693.8400000000001,0.0,0.0,0.0,11.033000000000001,0.0,0.0,0.0,0.0,0.0,369.515,0.0,0.0,0.0,0.0,0.0,0.0,0.0,0.0,0.0,0.0,0.0,0.0,0.0,0.0,0.0,0.0,0.0,0.0,0.0,0.0,0.0,0.0,0.0,0.0,0.0,0.0,0.0,85.77499999999999,9.974000000000002,0.0,0.0,12.615,0.0,0.0,0.0,6.7,0.0,0.0,0.0,0.0,0.0,0.0,28.825,0.0,0.0,660.2470000000001,0.0,0.0,0.0,0.0,0.0,457.7,1433.092,369.515,0.0,115.064,689.0720000000001
44,2015,Italy,Domestic,Birds,0.0,0.0,0.0,0.0,0.0,0.0,0.0,0.0,0.0,0.0,0.0,0.0,0.0,0.0,0.0,0.0,0.0,0.0,0.0,31.985,0.0,32.769999999999996,0.0,0.0,0.0,0.0,0.0,41.0,0.0,0.0,0.0,0.0,0.0,1.982,0.0,8.908000000000001,0.0,0.0,0.0,0.0,0.0,16.0,0.0,0.0,0.0,0.0,0.0,30.003,0.0,32.34,0.0,0.0,0.0,0.0,0.0,0.0,0.0,0.0,0.0,0.0,0.0,0.0,0.0,0.0,0.0,0.0,0.0,0.0,0.0,0.0,0.0,0.0,0.0,0.0,0.0,1.982,0.0,0.0,0.0,0.0,0.0,0.0,0.0,16.0,0.0,0.0,0.0,0.0,0.0,0.0,0.0,0.0,0.0,0.0,0.0,0.0,0.0,0.0,0.0,105.755,26.89,62.343,0.0,17.982,0.0
45,2015,Netherlands,Domestic,Birds,0.0,0.0,0.0,0.0,0.0,0.0,0.0,0.0,0.0,0.0,0.0,0.0,0.0,0.0,0.0,0.0,0.682,0.0,0.0,0.0,0.0,60.846000000000004,0.0,0.0,0.0,0.0,0.0,0.0,0.0,0.0,0.093,0.0,0.0,0.0,0.0,0.0,0.0,0.0,0.0,0.0,0.0,0.0,0.0,0.0,0.0,0.0,0.0,0.0,0.0,60.846000000000004,0.0,0.0,0.0,0.0,0.0,0.0,0.0,0.0,0.0,0.0,0.0,0.0,0.0,0.0,0.0,0.0,0.0,0.0,0.0,0.0,0.0,0.0,0.014,0.0,0.0,0.0,0.0,0.0,0.0,0.0,0.0,0.0,0.0,0.0,0.0,0.0,0.0,0.0,0.0,0.0,0.0,0.0,0.0,0.0,0.0,0.0,0.0,0.0,0.0,61.528000000000006,0.093,60.846000000000004,0.0,0.014,0.0
46,2015,Poland,Domestic,Birds,0.0,0.0,0.0,0.0,0.0,0.0,0.0,0.0,0.0,0.0,0.0,0.0,0.0,0.0,0.0,0.0,3.166,0.0,0.0,0.0,586.7,0.0,73.068,0.0,0.0,0.0,0.0,0.2,0.0,0.0,3.166,0.0,0.0,0.0,398.397,0.0,42.519000000000005,0.0,0.0,0.0,0.0,0.004,0.0,0.0,0.0,0.0,0.0,0.0,0.0,0.0,0.0,0.0,0.0,0.0,0.0,0.0,0.0,0.0,0.0,0.0,0.0,0.0,0.0,0.0,0.0,0.0,0.0,0.0,0.0,0.0,0.0,0.0,0.0,0.0,0.0,0.0,69.655,0.0,0.0,0.0,0.0,0.0,0.0,0.0,0.0,0.0,0.0,0.0,0.0,0.0,0.0,0.0,0.0,0.0,0.0,0.0,0.0,0.0,0.0,663.1340000000001,444.086,0.0,0.0,69.655,0.0
47,2015,Spain,Domestic,Birds,0.0,0.0,0.0,0.0,0.0,0.0,0.0,0.0,0.0,0.0,0.0,0.0,0.0,0.0,0.0,0.0,0.0,0.0,0.0,0.0,0.5,0.0,0.0,0.0,0.0,0.0,0.0,0.0,0.22,0.005,0.0,0.0,0.0,0.0,0.0,0.0,0.125,0.0,0.0,0.0,0.035,0.0,0.0,0.0,0.0,0.0,0.0,0.0,0.0,0.0,0.0,0.0,0.0,0.0,0.0,0.0,0.0,0.0,0.0,0.0,0.0,0.0,0.0,0.0,0.0,0.0,0.0,0.0,0.0,0.0,0.0,0.0,0.0,0.0,0.0,0.0,0.0,0.0,0.0,0.0,0.0,0.0,0.0,0.0,0.0,0.0,0.0,0.0,0.0,0.0,0.0,0.0,0.0,0.0,0.0,0.0,0.0,0.0,0.0,0.5,0.385,0.0,0.0,0.0,0.0
48,2015,United Kingdom,Domestic,Birds,0.0,0.0,0.0,0.0,0.0,0.0,0.0,0.0,0.0,0.0,0.0,0.0,0.0,0.0,0.0,0.0,0.0,0.0,0.0,179.865,0.0,10.572000000000001,0.0,0.0,0.0,0.0,0.0,0.0,0.0,0.0,0.0,0.0,0.0,34.604,0.0,0.052000000000000005,0.0,0.0,0.0,0.0,0.0,0.0,0.0,0.0,0.0,0.0,0.0,145.261,0.0,10.52,0.0,0.0,0.0,0.0,0.0,0.0,0.0,0.0,0.0,0.0,0.0,0.0,0.0,0.0,0.0,0.0,0.0,0.0,0.0,0.0,0.0,0.0,0.0,0.0,0.0,34.604,0.0,0.052000000000000005,0.0,0.0,0.0,0.0,0.0,0.0,0.0,0.0,0.0,0.0,0.0,0.0,0.0,0.0,0.0,0.0,0.0,0.0,0.0,0.0,0.0,190.437,34.656,155.781,0.0,34.656,0.0
49,2015,United States of America,Domestic,Birds,0.0,0.0,0.0,0.0,0.0,0.0,0.0,0.0,0.0,0.0,0.0,0.0,0.0,0.0,0.0,0.0,0.0,0.0,0.0,73610.57300000003,0.0,61.0,0.0,0.0,0.0,0.0,0.0,0.0,0.0,0.0,0.0,0.0,0.0,24.919999999999998,0.0,0.0,0.0,0.0,0.0,0.0,0.0,0.0,0.0,0.0,0.0,0.0,0.0,16009.426,0.0,61.0,0.0,0.0,0.0,0.0,0.0,0.0,0.0,0.0,0.0,0.0,0.0,0.0,0.0,0.0,0.0,0.0,0.0,0.0,0.0,0.0,0.0,0.0,0.0,0.0,0.0,59.23199999999999,0.0,0.0,0.0,0.0,0.0,0.0,0.0,0.0,0.0,0.0,0.0,0.0,0.0,0.0,0.0,0.0,0.0,0.0,0.0,0.0,0.0,0.0,0.0,73671.57300000003,24.919999999999998,16070.426,0.0,59.23199999999999,0.0
57,2016,Poland,Domestic,Birds,0.0,0.0,0.0,0.0,0.0,0.0,0.0,0.0,0.0,0.0,0.0,0.0,0.0,0.0,2491.5660000000003,0.0,0.0,0.0,0.0,327.058,731.6600000000001,0.0,0.0,0.0,6.76,0.0,0.0,6.859999999999999,890.4929999999999,0.0,0.0,0.0,0.0,17.558,260.844,0.0,0.0,0.0,0.001,0.0,0.0,0.101,0.0,0.0,0.0,0.0,0.0,309.50000000000006,0.0,0.0,0.0,0.0,0.0,0.0,0.0,0.0,0.0,0.0,0.0,0.0,0.0,0.0,0.0,0.0,0.0,0.0,0.0,0.0,0.0,0.0,65.85900000000001,0.0,0.0,0.0,0.0,17.558,37.403999999999996,0.0,0.0,0.0,0.0,0.0,0.0,0.0,0.0,0.0,0.0,0.0,0.0,0.0,0.0,0.0,0.0,0.0,0.0,0.0,0.0,0.0,0.0,3563.904000000001,1168.997,309.50000000000006,0.0,120.821,0.0
58,2016,Spain,Domestic,Birds,0.0,0.0,0.0,0.0,0.0,0.0,0.0,0.0,0.0,0.0,0.0,0.0,0.0,0.0,0.0,0.0,0.0,0.0,0.0,0.0,0.0,0.0,0.0,0.0,0.0,0.0,0.0,0.0,0.189,0.0,0.0,0.0,0.0,0.0,0.0,0.0,0.219,0.0,0.0,0.0,0.03,0.0,0.0,0.0,0.0,0.0,0.0,0.0,0.0,0.0,0.0,0.0,0.0,0.0,0.0,0.0,0.0,0.0,0.0,0.0,0.0,0.0,0.0,0.0,0.0,0.0,0.0,0.0,0.0,0.0,0.0,0.0,0.0,0.0,0.0,0.0,0.0,0.0,0.0,0.0,0.0,0.0,0.0,0.0,0.0,0.0,0.0,0.0,0.0,0.0,0.0,0.0,0.0,0.0,0.0,0.0,0.0,0.0,0.0,0.0,0.43800000000000006,0.0,0.0,0.0,0.0
59,2016,United Kingdom,Domestic,Birds,0.0,0.0,0.0,0.0,0.0,0.0,0.0,0.0,0.0,0.0,0.0,0.0,0.0,0.0,0.0,0.0,0.0,0.0,0.0,2.4699999999999998,0.0,39.800000000000004,0.0,0.0,0.0,0.0,0.0,0.0,0.0,0.0,0.0,0.0,0.0,2.45,0.0,0.0,0.0,0.0,0.0,0.0,0.0,0.0,0.0,0.0,0.0,0.0,0.0,0.05,0.0,39.800000000000004,0.0,0.0,0.0,0.0,0.0,0.0,0.0,0.0,0.0,0.0,0.0,0.0,0.0,0.0,0.0,0.0,0.0,0.0,0.0,0.0,0.0,0.0,0.0,0.0,0.0,2.42,0.0,0.0,0.0,0.0,0.0,0.0,0.0,0.0,0.0,0.0,0.0,0.0,0.0,0.0,0.0,0.0,0.0,0.0,0.0,0.0,0.0,0.0,0.0,42.27,2.45,39.85,0.0,2.42,0.0
60,2016,United States of America,Domestic,Birds,0.0,0.0,0.0,0.0,0.0,0.0,0.0,0.0,0.0,0.0,0.0,0.0,0.0,0.0,0.0,0.0,0.0,0.0,0.0,43.5,0.0,194.405,0.0,0.0,0.0,0.0,0.0,0.0,0.0,0.0,0.0,0.0,0.0,0.0,0.0,0.0,0.0,0.0,0.0,0.0,0.0,0.0,0.0,0.0,0.0,0.0,0.0,42.6,0.0,194.04500000000002,0.0,0.0,0.0,0.0,0.0,0.0,0.0,0.0,0.0,0.0,0.0,0.0,0.0,0.0,0.0,0.0,0.0,0.0,0.0,0.0,0.0,0.0,0.0,0.0,0.0,0.9,0.0,0.0,0.0,0.0,0.0,0.0,0.0,0.0,0.0,0.0,0.0,0.0,0.0,0.0,0.0,0.0,0.0,0.0,0.0,0.0,0.0,0.0,0.0,237.905,0.0,236.645,0.0,0.9,0.0
61,2017,Brazil,Domestic,Birds,0.0,0.0,0.0,0.0,0.0,0.0,0.0,0.0,0.0,0.0,0.0,0.0,0.0,0.0,0.0,5747.003000000001,0.0,0.0,0.0,0.0,0.0,0.0,9011.234,0.0,577.3100000000001,0.0,0.0,996.0440000000001,0.0,5747.003000000001,0.0,0.0,0.0,0.0,0.0,0.0,6755.467,0.0,493.196,0.0,0.0,751.457,0.0,0.0,0.0,0.0,0.0,0.0,0.0,0.0,0.065,0.0,0.002,0.0,0.0,147.067,0.0,119.729,0.0,0.0,0.0,0.0,0.0,0.0,1361.17,0.0,481.567,0.0,0.0,424.356,0.0,1.2590000000000001,0.0,0.0,0.0,0.0,0.0,0.0,28.123,0.0,4.547,0.0,0.0,86.884,0.0,0.0,0.0,0.0,0.0,0.0,0.0,0.0,0.0,0.0,0.0,0.0,0.0,0.0,0.0,16331.591,13747.123000000001,147.13400000000001,2386.822,120.813,0.0
62,2017,China (People's Rep. of),Domestic,Birds,0.0,0.0,0.0,0.0,0.0,0.0,0.0,0.0,0.0,0.0,0.0,0.0,0.0,0.0,2716.1620000000007,934.152,12.326,309.677,0.0,1811.1820000000002,717.5759999999999,68.0,0.0,41.845,5028.4879999999985,0.0,0.0,289.82,149.668,54.04599999999999,0.324,11.672000000000002,0.0,249.271,51.081999999999994,13.940000000000001,0.0,1.556,191.86899999999997,0.0,0.0,13.733000000000004,14.553999999999998,18.031000000000002,0.038,4.811000000000001,0.0,611.941,8.905999999999997,4.107,0.0,0.383,19.310000000000002,0.0,0.0,2.3919999999999995,0.14100000000000001,0.3910000000000001,0.0,0.6120000000000001,0.0,0.0,0.32400000000000007,0.0,0.0,0.004,1.0080000000000002,0.0,0.0,0.029000000000000005,15.777,11.282999999999998,0.07700000000000001,3.2049999999999996,0.0,155.163,8.758999999999997,1.733,0.0,0.915,23.167,0.0,0.0,3.083999999999999,479.387,328.013,0.202,79.64000000000001,0.0,0.0,374.549,11.647,0.0,6.262,228.21699999999998,0.0,0.0,27.281,0.0,11929.228,737.1610000000001,684.473,2.5090000000000003,223.16299999999998,1535.1979999999999
63,2017,France,Domestic,Birds,0.0,0.0,0.0,0.0,0.0,0.0,0.0,0.0,0.0,0.0,0.0,0.0,0.0,0.0,0.0,0.0,0.0,0.0,0.0,1015.6160000000001,0.0,108.663,0.0,12.0,0.0,0.0,0.0,0.0,0.0,0.0,0.0,0.0,0.0,5.2780000000000005,0.0,0.26,0.0,0.3,0.0,0.0,0.0,0.0,0.0,0.0,0.0,0.0,0.0,1009.4590000000001,0.0,78.843,0.0,11.85,0.0,0.0,0.0,0.0,0.0,0.0,0.0,0.0,0.0,0.0,0.0,0.0,0.0,0.0,0.0,0.0,0.0,0.0,0.0,0.0,0.0,0.0,0.0,6.157000000000001,0.0,0.156,0.0,0.15,0.0,0.0,0.0,0.0,0.0,0.0,0.0,0.0,0.0,0.0,0.0,0.0,0.0,0.0,0.0,0.0,0.0,0.0,0.0,1136.279,5.838,1100.152,0.0,6.463000000000001,0.0
64,2017,Germany,Domestic,Birds,0.0,0.0,0.0,0.0,0.0,0.0,0.0,0.0,0.0,0.0,0.0,0.0,0.0,0.0,0.0,655.6540000000001,0.0,0.0,0.0,994.5669999999999,0.057,1.5500000000000003,0.0,0.0,0.0,0.0,0.0,0.0,0.0,17.128999999999998,0.08299999999999999,0.0,0.0,120.61000000000001,0.018,0.045000000000000005,0.0,0.0,0.0,0.0,0.0,0.0,0.0,0.008,0.0,0.0,0.0,986.5190000000001,0.0,0.0,0.0,0.0,0.0,0.0,0.0,0.0,0.0,0.0,0.0,0.0,0.0,0.0,0.0,1.0110000000000001,0.0,0.0,0.0,0.0,0.0,0.0,0.0,0.072,0.0,0.0,0.0,7.508,0.018,0.0,0.0,0.0,0.0,0.0,0.0,0.0,0.0,0.0,0.0,0.0,0.0,0.0,0.0,0.0,0.0,0.0,0.0,0.0,0.0,0.0,0.0,1651.828,137.885,986.5270000000002,1.0110000000000001,7.598,0.0
65,2017,India,Domestic,Birds,0.0,0.0,0.0,0.0,0.0,0.0,0.0,0.0,0.0,0.0,0.0,0.0,0.0,0.0,0.0,0.0,0.0,0.0,0.0,6.337,0.0,0.0,0.0,0.0,0.0,0.0,0.0,0.0,0.0,0.0,0.0,0.0,0.0,2.1129999999999995,495.446,0.0,0.0,379.343,0.0,0.0,0.0,0.0,0.0,0.0,0.0,0.0,0.0,4.224,0.0,0.0,0.0,0.0,0.0,0.0,0.0,0.0,0.0,0.0,0.0,0.0,0.0,0.0,0.0,0.0,0.0,0.0,0.0,0.0,0.0,0.0,0.0,0.0,0.0,0.0,0.0,2.1129999999999995,7.358999999999999,0.0,0.0,3.2400000000000007,0.0,0.0,0.0,0.0,0.0,0.0,0.0,0.0,0.0,0.0,30.013,0.0,0.0,3423.02,0.0,0.0,0.0,0.0,0.0,6.337,876.902,4.224,0.0,12.711999999999998,3453.033
66,2017,Italy,Domestic,Birds,0.0,0.0,0.0,0.0,0.0,0.0,0.0,0.0,0.0,0.0,0.0,0.0,0.0,0.0,0.0,0.0,0.0,0.0,0.0,2756.1800000000007,0.0,34.073,0.0,0.0,0.0,0.0,0.0,0.0,0.0,0.0,0.0,0.0,0.0,1148.337,0.0,18.01,0.0,0.0,0.0,0.0,0.0,0.0,0.0,0.0,0.0,0.0,0.0,2104.2850000000003,0.0,33.992000000000004,0.0,0.0,0.0,0.0,0.0,0.0,0.0,0.0,0.0,0.0,0.0,0.0,0.0,0.0,0.0,0.0,0.0,0.0,0.0,0.0,0.0,0.0,0.0,0.0,0.0,42.415000000000006,0.0,0.081,0.0,0.0,0.0,0.0,0.0,0.0,0.0,0.0,0.0,0.0,0.0,0.0,0.0,0.0,0.0,0.0,0.0,0.0,0.0,0.0,0.0,2790.2530000000006,1166.347,2138.2770000000005,0.0,42.49600000000001,0.0
67,2017,Netherlands,Domestic,Birds,0.0,0.0,0.0,0.0,0.0,0.0,0.0,0.0,0.0,0.0,0.0,0.0,0.0,0.0,0.0,0.0,0.762,0.0,0.0,15.985000000000001,0.0,41.504,0.0,0.0,0.0,0.0,0.0,0.0,0.0,0.0,0.116,0.0,0.0,0.0,0.0,0.0,0.0,0.0,0.0,0.0,0.0,0.0,0.0,0.0,0.014,0.0,0.0,15.945,0.0,41.504,0.0,0.0,0.0,0.0,0.0,0.0,0.0,0.0,0.0,0.0,0.0,0.0,0.0,0.0,0.0,0.0,0.0,0.0,0.0,0.0,0.0,0.0,0.005,0.0,0.0,0.04,0.0,0.0,0.0,0.0,0.0,0.0,0.0,0.0,0.0,0.0,0.0,0.0,0.0,0.0,0.0,0.0,0.0,0.0,0.0,0.0,0.0,0.0,0.0,58.251,0.116,57.462999999999994,0.0,0.045,0.0
68,2017,Poland,Domestic,Birds,0.0,0.0,0.0,0.0,0.0,0.0,0.0,0.0,0.0,0.0,0.0,0.0,0.0,0.0,166.824,0.0,0.0,0.0,0.0,759.95,871.031,0.0,11.43,0.0,0.0,0.0,0.0,0.45499999999999996,63.507999999999996,0.0,0.0,0.0,0.0,38.57,272.245,0.0,0.061,0.0,0.0,0.0,0.0,0.205,0.0,0.0,0.0,0.0,0.0,721.373,0.0,0.0,0.0,0.0,0.0,0.0,0.0,0.0,0.0,0.0,0.0,0.0,0.0,0.0,0.0,0.0,0.0,0.0,0.0,0.0,0.0,0.0,2.699,0.0,0.0,0.0,0.0,38.565000000000005,5.416,0.0,0.0,0.0,0.0,0.0,0.0,0.10500000000000001,0.0,0.0,0.0,0.0,0.0,0.0,0.0,0.0,0.0,0.0,0.0,0.0,0.0,0.0,0.0,1809.69,374.58899999999994,721.373,0.0,46.785000000000004,0.0
69,2017,Spain,Domestic,Birds,0.0,0.0,0.0,0.0,0.0,0.0,0.0,0.0,0.0,0.0,0.0,0.0,0.0,0.0,0.0,0.0,0.0,0.0,0.0,28.330000000000002,0.0,0.0,0.0,0.0,0.0,0.0,0.0,0.0,0.0,0.0,0.0,0.0,0.0,0.997,0.0,0.0,0.10200000000000001,0.0,0.0,0.0,0.011,0.0,0.0,0.0,0.0,0.0,0.0,26.957,0.0,0.0,0.0,0.0,0.0,0.0,0.0,0.0,0.0,0.0,0.0,0.0,0.0,0.0,0.0,0.0,0.0,0.0,0.0,0.0,0.0,0.0,0.0,0.0,0.0,0.0,0.0,0.973,0.0,0.0,0.0,0.0,0.0,0.0,0.0,0.0,0.0,0.0,0.0,0.0,0.0,0.0,0.0,0.0,0.0,0.0,0.0,0.0,0.0,0.0,0.0,28.330000000000002,1.1099999999999999,26.957,0.0,0.973,0.0
70,2017,United Kingdom,Domestic,Birds,0.0,0.0,0.0,0.0,0.0,0.0,0.0,0.0,0.0,0.0,0.0,0.0,0.0,0.0,0.0,0.0,0.0,0.0,0.0,126.736,0.0,0.0,0.0,0.0,0.0,0.0,0.0,0.0,0.0,0.0,0.0,0.0,0.0,3.504,0.0,0.0,0.0,0.0,0.0,0.0,0.0,0.0,0.0,0.0,0.0,0.0,0.0,106.552,0.0,0.0,0.0,0.0,0.0,0.0,0.0,0.0,0.0,0.0,0.0,0.0,0.0,0.0,0.0,0.0,0.0,0.0,0.0,0.0,0.0,0.0,0.0,0.0,0.0,0.0,0.0,20.174,0.0,0.0,0.0,0.0,0.0,0.0,0.0,0.0,0.0,0.0,0.0,0.0,0.0,0.0,0.0,0.0,0.0,0.0,0.0,0.0,0.0,0.0,0.0,126.736,3.504,106.552,0.0,20.174,0.0
71,2017,United States of America,Domestic,Birds,0.0,0.0,0.0,0.0,0.0,0.0,0.0,0.0,0.0,0.0,0.0,0.0,0.0,0.0,0.0,0.0,0.0,0.0,0.0,74.0,0.0,206.43099999999998,0.0,0.0,0.0,0.0,0.0,0.0,0.0,0.0,0.0,0.0,0.0,0.0,0.0,0.0,0.0,0.0,0.0,0.0,0.0,0.0,0.0,0.0,0.0,0.0,0.0,73.3,0.0,122.431,0.0,0.0,0.0,0.0,0.0,0.0,0.0,0.0,0.0,0.0,0.0,0.0,0.0,84.0,0.0,0.0,0.0,0.0,0.0,0.0,0.0,0.0,0.0,0.0,0.0,0.7000000000000001,0.0,0.0,0.0,0.0,0.0,0.0,0.0,0.0,0.0,0.0,0.0,0.0,0.0,0.0,0.0,0.0,0.0,0.0,0.0,0.0,0.0,0.0,0.0,280.431,0.0,195.731,84.0,0.7000000000000001,0.0
72,2018,China (People's Rep. of),Domestic,Birds,0.0,0.0,0.0,0.0,0.0,0.0,0.0,0.0,0.0,0.0,0.0,0.0,0.0,0.0,3142.0330000000013,1339.445,29.229999999999997,251.42700000000002,0.0,251.828,530.256,34.525999999999996,0.0,37.022,5439.285999999999,0.0,0.0,408.52200000000005,183.106,65.15200000000002,2.487,16.939999999999998,0.0,64.755,54.43100000000002,3.6660000000000004,0.0,17.326999999999998,161.81699999999995,0.0,0.0,10.180000000000005,9.497,4.881999999999999,0.016,2.7099999999999995,0.0,197.71099999999998,6.874999999999998,0.046,0.0,11.017999999999999,20.744999999999994,0.0,0.0,1.3149999999999997,7.734999999999999,0.07300000000000001,0.0,0.003,0.0,0.0,0.031,0.0,0.0,0.0,1.1460000000000004,0.0,0.0,0.037000000000000005,14.973999999999998,7.642999999999998,0.020999999999999998,6.957000000000001,0.0,54.117,9.636,0.046,0.0,7.584,25.421,0.0,0.0,2.169,627.4739999999999,286.352,2.95,46.687999999999995,0.0,0.0,195.37700000000007,0.015,0.0,21.963,264.22600000000006,0.0,0.0,87.33000000000001,0.0,11463.575,579.861,254.81499999999997,9.025,128.568,1532.375
73,2018,France,Domestic,Birds,0.0,0.0,0.0,0.0,0.0,0.0,0.0,0.0,0.0,0.0,0.0,0.0,0.0,0.0,0.0,0.0,0.0,0.0,0.0,0.0,0.0,180.14100000000002,0.0,0.0,0.0,0.0,0.0,0.0,0.0,0.0,0.0,0.0,0.0,0.0,0.0,0.0,0.0,0.0,0.0,0.0,0.0,0.0,0.0,0.0,0.0,0.0,0.0,0.0,0.0,165.06099999999998,0.0,0.0,0.0,0.0,0.0,0.0,0.0,0.0,0.0,0.0,0.0,0.0,0.0,4.4,0.0,0.0,0.0,0.0,0.0,0.0,0.0,0.0,0.0,0.0,0.0,0.0,0.0,0.18,0.0,0.0,0.0,0.0,0.0,0.0,0.0,0.0,0.0,0.0,0.0,0.0,0.0,0.0,0.0,0.0,0.0,0.0,0.0,0.0,0.0,180.14100000000002,0.0,165.06099999999998,4.4,0.18,0.0
74,2018,Germany,Domestic,Birds,0.0,0.0,0.0,0.0,0.0,0.0,0.0,0.0,0.0,0.0,0.0,0.0,0.0,0.0,0.0,118.876,0.0,0.0,0.20600000000000002,0.0,136.991,0.0,0.0,0.0,0.0,0.0,0.0,0.0,0.0,5.089,0.199,0.0,0.03,0.0,2.205,0.0,0.0,0.0,0.0,0.0,0.0,0.0,0.0,0.01,0.0,0.0,0.181,0.0,0.0,0.0,0.0,0.0,0.0,0.0,0.0,0.0,0.0,0.0,0.0,0.0,0.0,0.0,24.712,0.0,0.0,0.0,0.0,0.0,0.0,0.0,0.0,0.059000000000000004,0.0,0.0,0.025,0.0,2.203,0.0,0.0,0.0,0.0,0.0,0.0,0.0,0.0,0.0,0.0,0.0,0.0,0.0,0.0,0.0,0.0,0.0,0.0,0.0,0.0,0.0,0.0,256.07300000000004,7.523000000000001,0.191,24.712,2.287,0.0
75,2018,India,Domestic,Birds,0.0,0.0,0.0,0.0,0.0,0.0,0.0,0.0,0.0,0.0,0.0,0.0,0.0,0.0,0.0,0.0,0.0,0.0,0.0,31.312,10.25,0.0,0.0,18.192000000000004,0.0,0.0,0.0,0.0,0.0,0.0,0.0,0.0,0.0,13.038,16.55,0.0,0.0,17.414,0.0,0.0,0.0,0.0,0.0,0.0,0.0,0.0,0.0,18.274,0.0,0.0,0.0,0.0,0.0,0.0,0.0,0.0,0.0,0.0,0.0,0.0,0.0,0.0,0.0,0.0,0.0,0.0,0.0,0.0,0.0,0.0,0.0,0.0,0.0,0.0,0.0,13.038,2.026,0.0,0.0,7.6290000000000004,0.0,0.0,0.0,0.0,0.0,0.0,0.0,0.0,0.0,0.0,109.149,0.0,0.0,1267.016,0.0,0.0,0.0,0.0,0.0,59.754000000000005,47.002,18.274,0.0,22.693,1376.165
76,2018,Italy,Domestic,Birds,0.0,0.0,0.0,0.0,0.0,0.0,0.0,0.0,0.0,0.0,0.0,0.0,0.0,0.0,0.0,0.0,0.0,0.0,0.0,375.57,0.0,7.224,0.0,0.0,0.0,0.0,0.0,0.0,0.0,0.0,0.0,0.0,0.0,43.306,0.0,0.011,0.0,0.0,0.0,0.0,0.0,0.0,0.0,0.0,0.0,0.0,0.0,370.617,0.0,7.224,0.0,0.0,0.0,0.0,0.0,0.0,0.0,0.0,0.0,0.0,0.0,0.0,0.0,0.0,0.0,0.0,0.0,0.0,0.0,0.0,0.0,0.0,0.0,0.0,0.0,4.953,0.0,0.0,0.0,0.0,0.0,0.0,0.0,0.0,0.0,0.0,0.0,0.0,0.0,0.0,0.0,0.0,0.0,0.0,0.0,0.0,0.0,0.0,0.0,382.794,43.317,377.841,0.0,4.953,0.0
77,2018,Netherlands,Domestic,Birds,0.0,0.0,0.0,0.0,0.0,0.0,0.0,0.0,0.0,0.0,0.0,0.0,0.0,0.0,0.0,0.0,3.6630000000000003,0.0,0.032,66.752,0.0,0.0,0.0,0.0,0.0,0.0,0.0,0.0,0.0,0.0,0.16799999999999998,0.0,0.002,0.15,0.0,0.0,0.0,0.0,0.0,0.0,0.0,0.0,0.0,0.0,0.356,0.0,0.032,66.422,0.0,0.0,0.0,0.0,0.0,0.0,0.0,0.0,0.0,0.0,0.0,0.0,0.0,0.0,0.0,0.0,0.0,0.0,0.0,0.0,0.0,0.0,0.0,0.0,0.003,0.0,0.0,0.33,0.0,0.0,0.0,0.0,0.0,0.0,0.0,0.0,0.0,0.0,0.0,0.0,0.0,0.0,0.0,0.0,0.0,0.0,0.0,0.0,0.0,0.0,0.0,70.447,0.31999999999999995,66.81,0.0,0.333,0.0
78,2018,Poland,Domestic,Birds,0.0,0.0,0.0,0.0,0.0,0.0,0.0,0.0,0.0,0.0,0.0,0.0,0.0,0.0,392.137,0.0,0.0,0.0,0.0,0.0,1923.1390000000001,0.0,168.632,0.0,0.0,0.0,0.0,0.35500000000000004,90.967,0.0,0.0,0.0,0.0,0.0,397.34,0.0,161.42,0.0,0.0,0.0,0.0,0.266,0.0,0.0,0.0,0.0,0.0,0.0,0.0,0.0,0.0,0.0,0.0,0.0,0.0,0.0,0.0,0.0,0.0,0.0,0.0,0.0,0.0,0.0,0.0,0.0,0.0,0.0,0.0,0.0,0.38,0.0,0.0,0.0,0.0,0.0,4.747999999999999,0.0,0.0,0.0,0.0,0.0,0.0,0.04,0.0,0.0,0.0,0.0,0.0,0.0,0.0,0.0,0.0,0.0,0.0,0.0,0.0,0.0,0.0,2484.2630000000004,649.9929999999999,0.0,0.0,5.167999999999999,0.0
79,2018,United States of America,Domestic,Birds,0.0,0.0,0.0,0.0,0.0,0.0,0.0,0.0,0.0,0.0,0.0,0.0,0.0,0.0,0.0,0.0,0.0,0.0,0.0,0.0,0.0,634.961,0.0,102.783,0.0,0.0,0.0,0.0,0.0,0.0,0.0,0.0,0.0,0.0,0.0,0.0,0.0,0.012,0.0,0.0,0.0,0.0,0.0,0.0,0.0,0.0,0.0,0.0,0.0,85.511,0.0,102.76,0.0,0.0,0.0,0.0,0.0,0.0,0.0,0.0,0.0,0.0,0.0,518.05,0.0,0.0,0.0,0.0,0.0,0.0,0.0,0.0,0.0,0.0,0.0,0.0,0.0,0.0,0.0,0.011,0.0,0.0,0.0,0.0,0.0,0.0,0.0,0.0,0.0,0.0,0.0,0.0,0.0,0.0,0.0,0.0,0.0,0.0,0.0,737.744,0.012,188.27100000000002,518.05,0.011,0.0
80,2019,China (People's Rep. of),Domestic,Birds,0.0,0.0,0.0,0.0,0.0,3.0,0.0,0.0,0.0,0.0,0.0,0.0,0.0,0.0,0.0,0.0,0.0,0.0,0.0,93.762,0.0,0.0,0.0,0.0,0.0,0.0,0.0,0.0,0.0,0.0,0.0,0.0,0.0,2.966,0.0,0.0,0.0,0.0,0.0,0.0,0.0,0.0,0.0,0.0,0.0,0.0,0.0,91.28399999999999,0.0,0.0,0.0,0.0,0.0,0.0,0.0,0.0,0.0,0.0,0.0,0.0,0.0,0.0,0.0,0.0,0.0,0.0,0.0,0.0,0.0,0.0,0.0,0.0,0.0,0.0,0.0,2.478,0.0,0.0,0.0,0.0,0.0,0.0,0.0,0.0,0.0,0.0,0.0,0.0,0.0,0.0,0.0,0.0,0.0,0.0,0.0,0.0,0.0,0.0,3.0,93.762,2.966,91.28399999999999,0.0,2.478,0.0
81,2019,France,Domestic,Birds,0.0,0.0,0.0,0.0,0.0,0.0,0.0,0.0,0.0,0.0,0.0,0.0,0.0,0.0,0.0,0.0,0.0,0.0,0.0,0.0,0.0,2.6,0.0,0.0,0.0,0.0,0.0,0.0,0.0,0.0,0.0,0.0,0.0,0.0,0.0,0.0,0.0,0.0,0.0,0.0,0.0,0.0,0.0,0.0,0.0,0.0,0.0,0.0,0.0,2.6,0.0,0.0,0.0,0.0,0.0,0.0,0.0,0.0,0.0,0.0,0.0,0.0,0.0,0.0,0.0,0.0,0.0,0.0,0.0,0.0,0.0,0.0,0.0,0.0,0.0,0.0,0.0,0.0,0.0,0.0,0.0,0.0,0.0,0.0,0.0,0.0,0.0,0.0,0.0,0.0,0.0,0.0,0.0,0.0,0.0,0.0,0.0,0.0,0.0,2.6,0.0,2.6,0.0,0.0,0.0
82,2019,Germany,Domestic,Birds,0.0,0.0,0.0,0.0,0.0,0.0,0.0,0.0,0.0,0.0,0.0,0.0,0.0,0.0,0.0,37.955,0.0,0.0,0.0,0.0,84.055,0.0,0.0,0.0,0.0,0.0,0.0,0.0,0.0,0.23099999999999998,0.301,0.0,0.0,0.0,0.022,0.0,0.0,0.0,0.0,0.0,0.0,0.0,0.0,0.001,0.0,0.0,0.0,0.0,0.0,0.0,0.0,0.0,0.0,0.0,0.0,0.0,0.0,0.0,0.0,0.0,0.0,0.0,0.0,0.0,0.0,0.0,0.0,0.0,0.0,0.0,0.0,0.122,0.0,0.0,0.0,0.0,0.022,0.0,0.0,0.0,0.0,0.0,0.0,0.0,0.0,0.0,0.0,0.0,0.0,0.0,0.0,0.0,0.0,0.0,0.0,0.0,0.0,0.0,0.0,122.01,0.554,0.001,0.0,0.144,0.0
83,2019,India,Domestic,Birds,0.0,0.0,0.0,0.0,0.0,1.0,0.0,0.0,0.0,0.0,0.0,0.0,0.0,0.0,0.0,0.0,0.0,0.0,0.0,28.148,3.3000000000000003,0.0,0.0,3.737,0.0,0.0,0.0,0.0,0.0,0.0,0.0,0.0,0.0,5.902,1.494,0.0,0.0,17.514,0.0,0.0,0.0,0.0,0.0,0.0,0.0,0.0,0.0,22.246000000000002,0.0,0.0,0.0,0.0,0.0,0.0,0.0,0.0,0.0,0.0,0.0,0.0,0.0,0.0,0.0,0.0,0.0,0.0,0.0,0.0,0.0,0.0,0.0,0.0,0.0,0.0,0.0,5.902,0.877,0.0,0.0,0.34500000000000003,0.0,0.0,0.0,0.0,0.0,0.0,0.0,0.0,0.0,0.0,0.0,0.0,0.0,0.2,0.0,0.0,0.0,0.0,1.0,35.185,24.91,22.246000000000002,0.0,7.124,0.2
84,2019,Italy,Domestic,Birds,0.0,0.0,0.0,0.0,0.0,0.0,0.0,0.0,0.0,0.0,0.0,0.0,0.0,0.0,0.0,0.0,0.0,0.0,0.0,0.0,0.0,1.455,0.0,0.0,0.0,0.0,0.0,0.0,0.0,0.0,0.0,0.0,0.0,0.0,0.0,1.354,0.0,0.0,0.0,0.0,0.0,0.0,0.0,0.0,0.0,0.0,0.0,0.0,0.0,1.441,0.0,0.0,0.0,0.0,0.0,0.0,0.0,0.0,0.0,0.0,0.0,0.0,0.0,0.0,0.0,0.0,0.0,0.0,0.0,0.0,0.0,0.0,0.0,0.0,0.0,0.0,0.0,0.014,0.0,0.0,0.0,0.0,0.0,0.0,0.0,0.0,0.0,0.0,0.0,0.0,0.0,0.0,0.0,0.0,0.0,0.0,0.0,0.0,0.0,1.455,1.354,1.441,0.0,0.014,0.0
85,2019,Netherlands,Domestic,Birds,0.0,0.0,0.0,0.0,0.0,0.0,0.0,0.0,0.0,0.0,0.0,0.0,0.0,0.0,0.0,0.0,1.2650000000000001,0.0,0.0,0.0,0.0,0.0,0.0,0.0,0.0,0.0,0.0,0.0,0.0,0.0,0.091,0.0,0.0,0.0,0.0,0.0,0.0,0.0,0.0,0.0,0.0,0.0,0.0,0.0,0.159,0.0,0.0,0.0,0.0,0.0,0.0,0.0,0.0,0.0,0.0,0.0,0.0,0.0,0.0,0.0,0.0,0.0,0.0,0.0,0.0,0.0,0.0,0.0,0.0,0.0,0.0,0.0,0.015,0.0,0.0,0.0,0.0,0.0,0.0,0.0,0.0,0.0,0.0,0.0,0.0,0.0,0.0,0.0,0.0,0.0,0.0,0.0,0.0,0.0,0.0,0.0,0.0,0.0,0.0,1.2650000000000001,0.091,0.159,0.0,0.015,0.0
86,2019,Poland,Domestic,Birds,0.0,0.0,0.0,0.0,0.0,4.0,0.0,0.0,0.0,0.0,0.0,0.0,0.0,0.0,28.66,0.0,0.0,0.0,0.0,78.25800000000001,630.0,0.0,44.0,0.0,0.0,0.0,0.0,0.0,28.66,0.0,0.0,0.0,0.0,70.05799999999999,57.0,0.0,37.261,0.0,0.0,0.0,0.0,0.0,0.0,0.0,0.0,0.0,0.0,45.888,0.0,0.0,0.0,0.0,0.0,0.0,0.0,0.0,0.0,0.0,0.0,0.0,0.0,0.0,0.0,0.0,0.0,0.0,0.0,0.0,0.0,0.0,0.0,0.0,0.0,0.0,0.0,32.370000000000005,0.0,0.0,0.0,0.0,0.0,0.0,0.0,0.0,0.0,0.0,0.0,0.0,0.0,0.0,0.0,0.0,0.0,0.0,0.0,0.0,0.0,0.0,4.0,780.918,192.97899999999998,45.888,0.0,32.370000000000005,0.0
87,2019,Spain,Domestic,Birds,0.0,0.0,0.0,0.0,0.0,0.0,0.0,0.0,0.0,0.0,0.0,0.0,0.0,0.0,0.0,0.0,0.0,0.0,0.0,0.0,0.0,0.0,0.0,0.0,0.0,0.0,0.0,0.0,0.004,0.001,0.001,0.0,0.0,0.0,0.0,0.0,0.001,0.0,0.0,0.0,0.0,0.0,0.0,0.0,0.0,0.0,0.0,0.0,0.0,0.0,0.0,0.0,0.0,0.0,0.0,0.0,0.0,0.0,0.0,0.0,0.0,0.0,0.0,0.0,0.0,0.0,0.0,0.0,0.0,0.0,0.0,0.0,0.0,0.0,0.0,0.0,0.0,0.0,0.0,0.0,0.0,0.0,0.0,0.0,0.0,0.0,0.0,0.0,0.0,0.0,0.0,0.0,0.0,0.0,0.0,0.0,0.0,0.0,0.0,0.0,0.007,0.0,0.0,0.0,0.0
88,2019,United Kingdom,Domestic,Birds,0.0,0.0,0.0,0.0,0.0,0.0,0.0,0.0,0.0,0.0,0.0,0.0,0.0,0.0,0.0,0.0,0.0,0.0,0.0,0.0,0.0,27.0,0.0,0.0,0.0,0.0,0.0,0.0,0.0,0.0,0.0,0.0,0.0,0.0,0.0,0.0,0.0,0.0,0.0,0.0,0.0,0.0,0.0,0.0,0.0,0.0,0.0,0.0,0.0,27.0,0.0,0.0,0.0,0.0,0.0,0.0,0.0,0.0,0.0,0.0,0.0,0.0,0.0,0.0,0.0,0.0,0.0,0.0,0.0,0.0,0.0,0.0,0.0,0.0,0.0,0.0,0.0,0.0,0.0,0.0,0.0,0.0,0.0,0.0,0.0,0.0,0.0,0.0,0.0,0.0,0.0,0.0,0.0,0.0,0.0,0.0,0.0,0.0,0.0,27.0,0.0,27.0,0.0,0.0,0.0
89,2019,United States of America,Domestic,Birds,0.0,0.0,0.0,0.0,0.0,0.0,0.0,0.0,0.0,0.0,0.0,0.0,0.0,0.0,0.0,0.0,0.0,0.0,0.0,0.0,0.0,0.0,0.0,1010.951,0.0,0.0,0.0,0.0,0.0,0.0,0.0,0.0,0.0,0.0,0.0,0.0,0.0,0.002,0.0,0.0,0.0,0.0,0.0,0.0,0.0,0.0,0.0,0.0,0.0,0.0,0.0,1010.936,0.0,0.0,0.0,0.0,0.0,0.0,0.0,0.0,0.0,0.0,0.0,0.0,0.0,0.0,0.0,0.0,0.0,0.0,0.0,0.0,0.0,0.0,0.0,0.0,0.0,0.0,0.0,0.015,0.0,0.0,0.0,0.0,0.0,0.0,0.0,0.0,0.0,0.0,0.0,0.0,0.0,0.0,0.0,0.0,0.0,0.0,0.0,1010.951,0.002,1010.936,0.0,0.015,0.0
90,2020,China (People's Rep. of),Domestic,Birds,0.0,0.0,0.0,0.0,0.0,2.0,0.0,0.0,0.0,0.0,0.0,0.0,0.0,0.0,0.0,0.0,0.0,0.0,0.0,10.347000000000001,0.0,0.0,0.0,0.0,0.0,0.0,0.0,0.0,0.0,0.0,0.0,0.0,0.0,6.34,0.0,0.0,0.0,0.0,0.0,0.0,0.0,0.0,0.0,0.0,0.0,0.0,0.0,4.007,0.0,0.0,0.0,0.0,0.0,0.0,0.0,0.0,0.0,0.0,0.0,0.0,0.0,0.0,0.0,0.0,0.0,0.0,0.0,0.0,0.0,0.0,0.0,0.0,0.0,0.0,0.0,6.34,0.0,0.0,0.0,0.0,0.0,0.0,0.0,0.0,0.0,0.0,0.0,0.0,0.0,0.0,0.0,0.0,0.0,0.0,0.0,0.0,0.0,0.0,2.0,10.347000000000001,6.34,4.007,0.0,6.34,0.0
91,2020,France,Domestic,Birds,0.0,0.0,0.0,0.0,0.0,0.0,0.0,0.0,0.0,0.0,0.0,0.0,0.0,0.0,0.0,0.0,0.0,0.0,0.0,408.614,0.0,0.0,0.0,0.0,0.0,0.0,0.0,0.0,0.0,0.0,0.0,0.0,0.0,153.903,0.0,0.0,0.0,0.0,0.0,0.0,0.0,0.0,0.0,0.0,0.0,0.0,0.0,376.839,0.0,0.0,0.0,0.0,0.0,0.0,0.0,0.0,0.0,0.0,0.0,0.0,0.0,0.0,0.0,0.0,0.0,0.0,0.0,0.0,0.0,0.0,0.0,0.0,0.0,0.0,0.0,4.682,0.0,0.0,0.0,0.0,0.0,0.0,0.0,0.0,0.0,0.0,0.0,0.0,0.0,0.0,0.0,0.0,0.0,0.0,0.0,0.0,0.0,0.0,0.0,408.614,153.903,376.839,0.0,4.682,0.0
92,2020,Germany,Domestic,Birds,0.0,0.0,0.0,0.0,0.0,13.0,0.0,0.0,0.0,0.0,0.0,0.0,0.0,0.0,0.0,2.5020000000000002,0.0,0.0,0.044,173.53599999999994,186.15200000000002,0.0,0.0,0.0,0.0,0.0,0.0,0.0,0.0,0.088,0.107,0.0,0.024,23.498999999999995,6.822,0.0,0.0,0.0,0.0,0.0,0.0,0.0,0.0,0.003,0.0,0.0,0.02,170.45399999999998,0.014,0.0,0.0,0.0,0.0,0.0,0.0,0.0,0.0,0.0,0.0,0.0,0.0,0.0,0.0,0.0,0.0,0.0,0.0,0.0,0.0,0.0,0.0,0.048,0.0,0.0,0.024,2.9850000000000003,6.8020000000000005,0.0,0.0,0.0,0.0,0.0,0.0,0.0,0.0,0.0,0.0,0.0,0.0,0.0,0.0,0.0,0.0,0.0,0.0,0.0,0.0,0.0,13.0,362.2339999999999,30.539999999999996,170.49099999999999,0.0,9.859000000000002,0.0
93,2020,India,Domestic,Birds,0.0,0.0,0.0,0.0,0.0,12.0,0.0,0.0,0.0,0.0,0.0,0.0,0.0,0.0,0.0,0.0,0.0,0.0,0.0,114.037,0.0,0.0,0.0,0.0,0.0,0.0,0.0,0.0,0.0,0.0,0.0,0.0,0.0,35.352,0.0,0.0,0.0,0.0,0.0,0.0,0.0,0.0,0.0,0.0,0.0,0.0,0.0,70.512,0.0,0.0,0.0,0.0,0.0,0.0,0.0,0.0,0.0,0.0,0.0,0.0,0.0,0.0,0.0,0.0,0.0,0.0,0.0,0.0,0.0,0.0,0.0,0.0,0.0,0.0,0.0,29.264999999999997,0.0,0.0,0.0,0.0,0.0,0.0,0.0,0.0,0.0,0.0,0.0,0.0,0.0,0.0,0.0,0.0,0.0,0.0,0.0,0.0,0.0,0.0,12.0,114.037,35.352,70.512,0.0,29.264999999999997,0.0
94,2020,Italy,Domestic,Birds,0.0,0.0,0.0,0.0,0.0,0.0,0.0,0.0,0.0,0.0,0.0,0.0,0.0,0.0,0.0,0.089,0.0,0.0,0.0,0.0,0.0,25.646,0.0,0.0,0.0,0.0,0.0,0.0,0.0,0.001,0.0,0.0,0.0,0.0,0.0,25.518,0.0,0.0,0.0,0.0,0.0,0.0,0.0,0.001,0.0,0.0,0.0,0.0,0.0,25.646,0.0,0.0,0.0,0.0,0.0,0.0,0.0,0.0,0.0,0.0,0.0,0.0,0.0,0.0,0.0,0.0,0.0,0.0,0.0,0.0,0.0,0.001,0.0,0.0,0.0,0.0,0.0,0.0,0.0,0.0,0.0,0.0,0.0,0.0,0.0,0.0,0.0,0.0,0.0,0.0,0.0,0.0,0.0,0.0,0.0,0.0,0.0,0.0,0.0,25.735,25.519000000000002,25.647000000000002,0.0,0.001,0.0
95,2020,Netherlands,Domestic,Birds,0.0,0.0,0.0,0.0,0.0,9.0,0.0,1.0,0.0,0.0,0.0,0.0,0.0,0.0,0.0,0.0,0.0,0.0,0.0,463.66999999999996,0.0,38.677,0.0,0.0,0.0,0.0,0.0,0.0,0.0,0.0,0.0,0.0,0.0,23.345999999999997,0.0,0.0,0.0,0.0,0.0,0.0,0.0,0.0,0.0,0.0,0.0,0.0,0.0,458.52000000000004,0.0,38.677,0.0,0.0,0.0,0.0,0.0,0.0,0.0,0.0,0.0,0.0,0.0,0.0,0.0,0.0,0.0,0.0,0.0,0.0,0.0,0.0,0.0,0.0,0.0,0.0,0.0,5.15,0.0,0.0,0.0,0.0,0.0,0.0,0.0,0.0,0.0,0.0,0.0,0.0,0.0,0.0,0.0,0.0,0.0,0.0,0.0,0.0,0.0,0.0,10.0,502.347,23.345999999999997,497.19700000000006,0.0,5.15,0.0
96,2020,Poland,Domestic,Birds,0.0,0.0,0.0,0.0,0.0,47.0,0.0,0.0,0.0,0.0,0.0,0.0,0.0,0.0,0.0,0.0,0.0,0.0,0.0,3005.5160000000014,0.0,0.0,0.0,0.0,0.0,0.0,0.0,0.0,0.0,0.0,0.0,0.0,0.0,514.068,0.0,0.0,0.0,0.0,0.0,0.0,0.0,0.0,0.0,0.0,0.0,0.0,0.0,2917.4950000000003,0.0,0.0,0.0,0.0,0.0,0.0,0.0,0.0,0.0,0.0,0.0,0.0,0.0,0.0,0.0,0.0,0.0,0.0,0.0,0.0,0.0,0.0,0.0,0.0,0.0,0.0,0.0,88.02099999999997,0.0,0.0,0.0,0.0,0.0,0.0,0.0,0.0,0.0,0.0,0.0,0.0,0.0,0.0,0.0,0.0,0.0,0.0,0.0,0.0,0.0,0.0,47.0,3005.5160000000014,514.068,2917.4950000000003,0.0,88.02099999999997,0.0
97,2020,Spain,Domestic,Birds,0.0,0.0,0.0,0.0,0.0,0.0,0.0,0.0,0.0,0.0,0.0,0.0,0.0,0.0,0.0,0.0,0.0,0.0,0.0,0.0,0.001,0.0,0.0,0.0,0.0,0.0,0.0,0.0,0.005,0.0,0.002,0.0,0.0,0.0,0.0,0.0,0.002,0.0,0.0,0.0,0.0,0.0,0.0,0.0,0.0,0.0,0.0,0.0,0.0,0.0,0.0,0.0,0.0,0.0,0.0,0.0,0.0,0.0,0.0,0.0,0.0,0.0,0.0,0.0,0.0,0.0,0.0,0.0,0.0,0.0,0.0,0.0,0.0,0.0,0.0,0.0,0.0,0.0,0.0,0.0,0.0,0.0,0.0,0.0,0.0,0.0,0.0,0.0,0.0,0.0,0.0,0.0,0.0,0.0,0.0,0.0,0.0,0.0,0.0,0.001,0.009000000000000001,0.0,0.0,0.0,0.0
98,2020,United Kingdom,Domestic,Birds,0.0,0.0,0.0,0.0,0.0,4.0,0.0,0.0,0.0,0.0,0.0,0.0,0.0,0.0,0.0,0.0,0.0,0.0,0.0,40.60099999999999,0.0,0.0,0.0,0.0,0.0,0.0,0.0,0.0,0.0,0.0,0.0,0.0,0.0,7.186,0.0,0.0,0.0,0.0,0.0,0.0,0.0,0.0,0.0,0.0,0.0,0.0,0.0,27.781,0.0,0.0,0.0,0.0,0.0,0.0,0.0,0.0,0.0,0.0,0.0,0.0,0.0,0.0,0.0,0.0,0.0,0.0,0.0,0.0,0.0,0.0,0.0,0.0,0.0,0.0,0.0,7.181,0.0,0.0,0.0,0.0,0.0,0.0,0.0,0.0,0.0,0.0,0.0,0.0,0.0,0.0,0.0,0.0,0.0,0.0,0.0,0.0,0.0,0.0,4.0,40.60099999999999,7.186,27.781,0.0,7.181,0.0
99,2020,United States of America,Domestic,Birds,0.0,0.0,0.0,0.0,0.0,0.0,0.0,0.0,0.0,0.0,0.0,0.0,0.0,0.0,0.0,0.0,0.0,0.0,0.0,34.160000000000004,0.0,305.25,0.0,0.0,0.0,0.0,0.0,0.0,0.0,0.0,0.0,0.0,0.0,0.0,0.0,0.0,0.0,0.0,0.0,0.0,0.0,0.0,0.0,0.0,0.0,0.0,0.0,32.577,0.0,305.25,0.0,0.0,0.0,0.0,0.0,0.0,0.0,0.0,0.0,0.0,0.0,0.0,0.0,0.0,0.0,0.0,0.0,0.0,0.0,0.0,0.0,0.0,0.0,0.0,0.0,1.583,0.0,0.0,0.0,0.0,0.0,0.0,0.0,0.0,0.0,0.0,0.0,0.0,0.0,0.0,0.0,0.0,0.0,0.0,0.0,0.0,0.0,0.0,0.0,339.41,0.0,337.827,0.0,1.583,0.0
100,2021,France,Domestic,Birds,0.0,0.0,0.0,0.0,0.0,320.0,0.0,4.0,0.0,0.0,0.0,0.0,0.0,0.0,0.0,0.0,0.0,0.0,0.0,1473.7099999999998,0.0,13.517000000000001,0.0,0.0,0.0,0.0,0.0,0.0,0.0,0.0,0.0,0.0,0.0,767.4069999999999,0.0,12.344000000000001,0.0,0.0,0.0,0.0,0.0,0.0,0.0,0.0,0.0,0.0,0.0,1431.4519999999998,0.0,13.517000000000001,0.0,0.0,0.0,0.0,0.0,0.0,0.0,0.0,0.0,0.0,0.0,0.0,0.0,0.0,0.0,0.0,0.0,0.0,0.0,0.0,0.0,0.0,0.0,0.0,0.0,42.25799999999999,0.0,0.0,0.0,0.0,0.0,0.0,0.0,0.0,0.0,0.0,0.0,0.0,0.0,0.0,0.0,0.0,0.0,0.0,0.0,0.0,0.0,0.0,324.0,1487.2269999999999,779.751,1444.9689999999998,0.0,42.25799999999999,0.0
101,2021,Germany,Domestic,Birds,0.0,0.0,0.0,0.0,0.0,29.0,0.0,0.0,0.0,0.0,0.0,0.0,0.0,0.0,0.0,0.0,0.0,0.0,0.0,465.973,0.0,0.0,0.0,0.0,0.0,0.0,0.0,0.0,0.0,0.0,0.0,0.0,0.0,93.266,0.0,0.0,0.0,0.0,0.0,0.0,0.0,0.0,0.0,0.0,0.0,0.0,0.0,425.52199999999993,0.0,0.0,0.0,0.0,0.0,0.0,0.0,0.0,0.0,0.0,0.0,0.0,0.0,0.0,0.0,0.0,0.0,0.0,0.0,0.0,0.0,0.0,0.0,0.0,0.0,0.0,0.0,15.312999999999999,0.0,0.0,0.0,0.0,0.0,0.0,0.0,0.0,0.0,0.0,0.0,0.0,0.0,0.0,0.0,0.0,0.0,0.0,0.0,0.0,0.0,0.0,29.0,465.973,93.266,425.52199999999993,0.0,15.312999999999999,0.0
102,2021,India,Domestic,Birds,0.0,0.0,0.0,0.0,0.0,8.0,0.0,0.0,0.0,0.0,0.0,0.0,0.0,0.0,0.0,0.0,0.0,0.0,0.0,178.21900000000002,0.0,0.0,0.0,0.0,0.0,0.0,0.0,0.0,0.0,0.0,0.0,0.0,0.0,24.115000000000002,0.0,0.0,0.0,0.0,0.0,0.0,0.0,0.0,0.0,0.0,0.0,0.0,0.0,65.043,0.0,0.0,0.0,0.0,0.0,0.0,0.0,0.0,0.0,0.0,0.0,0.0,0.0,0.0,0.0,0.0,0.0,0.0,0.0,0.0,0.0,0.0,0.0,0.0,0.0,0.0,0.0,17.594,0.0,0.0,0.0,0.0,0.0,0.0,0.0,0.0,0.0,0.0,0.0,0.0,0.0,0.0,0.0,0.0,0.0,0.0,0.0,0.0,0.0,0.0,8.0,178.21900000000002,24.115000000000002,65.043,0.0,17.594,0.0
103,2021,Italy,Domestic,Birds,0.0,0.0,0.0,0.0,0.0,1.0,0.0,0.0,0.0,0.0,0.0,0.0,0.0,0.0,0.0,0.0,0.0,0.0,0.0,9.056000000000001,0.0,6.0360000000000005,0.0,0.0,0.0,0.0,0.0,0.0,0.0,0.0,0.0,0.0,0.0,0.088,0.0,0.034,0.0,0.0,0.0,0.0,0.0,0.0,0.0,0.0,0.0,0.0,0.0,0.037000000000000005,0.0,3.068,0.0,0.0,0.0,0.0,0.0,0.0,0.0,0.0,0.0,0.0,0.0,0.0,0.0,0.0,0.0,0.0,0.0,0.0,0.0,0.0,0.0,0.0,0.0,0.0,0.0,0.059,0.0,0.033,0.0,0.0,0.0,0.0,0.0,0.0,0.0,0.0,0.0,0.0,0.0,0.0,0.0,0.0,0.0,0.0,0.0,0.0,0.0,0.0,1.0,15.092000000000002,0.122,3.105,0.0,0.092,0.0
104,2021,Netherlands,Domestic,Birds,0.0,0.0,0.0,0.0,0.0,2.0,0.0,0.0,0.0,0.0,0.0,0.0,0.0,0.0,0.0,0.0,0.0,0.0,0.0,65.17500000000001,0.0,0.0,0.0,0.0,0.0,0.0,0.0,0.0,0.0,0.0,0.0,0.0,0.0,0.6,0.0,0.0,0.0,0.0,0.0,0.0,0.0,0.0,0.0,0.0,0.0,0.0,0.0,64.575,0.0,0.0,0.0,0.0,0.0,0.0,0.0,0.0,0.0,0.0,0.0,0.0,0.0,0.0,0.0,0.0,0.0,0.0,0.0,0.0,0.0,0.0,0.0,0.0,0.0,0.0,0.0,0.6,0.0,0.0,0.0,0.0,0.0,0.0,0.0,0.0,0.0,0.0,0.0,0.0,0.0,0.0,0.0,0.0,0.0,0.0,0.0,0.0,0.0,0.0,2.0,65.17500000000001,0.6,64.575,0.0,0.6,0.0
105,2021,Poland,Domestic,Birds,0.0,0.0,0.0,0.0,0.0,2.0,0.0,0.0,0.0,0.0,0.0,0.0,0.0,0.0,0.0,0.0,0.0,0.0,0.0,27.705,0.0,0.0,0.0,0.0,0.0,0.0,0.0,0.0,0.0,0.0,0.0,0.0,0.0,19.335,0.0,0.0,0.0,0.0,0.0,0.0,0.0,0.0,0.0,0.0,0.0,0.0,0.0,24.267,0.0,0.0,0.0,0.0,0.0,0.0,0.0,0.0,0.0,0.0,0.0,0.0,0.0,0.0,0.0,0.0,0.0,0.0,0.0,0.0,0.0,0.0,0.0,0.0,0.0,0.0,0.0,3.4379999999999997,0.0,0.0,0.0,0.0,0.0,0.0,0.0,0.0,0.0,0.0,0.0,0.0,0.0,0.0,0.0,0.0,0.0,0.0,0.0,0.0,0.0,0.0,2.0,27.705,19.335,24.267,0.0,3.4379999999999997,0.0
106,2021,United Kingdom,Domestic,Birds,0.0,0.0,0.0,0.0,1.0,2.0,0.0,0.0,0.0,0.0,0.0,0.0,0.0,0.0,0.0,0.0,0.0,0.0,0.012,3.205,0.0,0.0,0.0,0.0,0.0,0.0,0.0,0.0,0.0,0.0,0.0,0.0,0.012,0.10300000000000001,0.0,0.0,0.0,0.0,0.0,0.0,0.0,0.0,0.0,0.0,0.0,0.0,0.001,3.105,0.0,0.0,0.0,0.0,0.0,0.0,0.0,0.0,0.0,0.0,0.0,0.0,0.0,0.0,0.0,0.0,0.0,0.0,0.0,0.0,0.0,0.0,0.0,0.0,0.0,0.0,0.011,0.099,0.0,0.0,0.0,0.0,0.0,0.0,0.0,0.0,0.0,0.0,0.0,0.0,0.0,0.0,0.0,0.0,0.0,0.0,0.0,0.0,0.0,0.0,3.0,3.217,0.115,3.106,0.0,0.11,0.0
